CP,ID,PAIS,CODIGO,LATITUD,LONGITUD,DIRECCION,POBLACION,PROVINCIA,DESCRIPCION
41600,1,ESPAÑA,1003,37.2680810,-5.5485140,"C/ Virgen de los Dolores, S/N",ARAHAL,SEVILLA,ARAHAL
41620,2,ESPAÑA,1005,37.3342820,-5.4255190,"Avda. Maestro Santos Rúano, 8",MARCHENA,SEVILLA,MARCHENA
41640,3,ESPAÑA,1007,37.2338990,-5.1150260,"Avda. Estación Ferrocarril, S/N",OSUNA,SEVILLA,OSUNA
41566,4,ESPAÑA,1009,37.2223960,-4.8935190,"C/ Manuel Aranda, 3",PEDRERA,SEVILLA,PEDRERA
14500,5,ESPAÑA,2002,37.3579000,-4.8216380,Ctra. A-318 - Km. 9 - Entre los Pueblos de Puente Genil (Cordoba) y Herrera (Sevilla),PUENTEGENIL,CÓRDOBA,PUENTE GENIL-HERRERA
29540,6,ESPAÑA,2003,37.0698810,-4.7190140,"Ctra. Ma - 5406 - Estación Ferrocarril, S/N",ANTEQUERA,MÁLAGA,ANTEQUERA-SANTA ANA
29200,7,ESPAÑA,2030,37.0334437,-4.5612901,Ctra A-7281 Antigua Carretera de Córdoba S/N,ANTEQUERA,MÁLAGA,ANTEQUERA AV
23620,8,ESPAÑA,3001,37.9782190,-3.8033080,"C/ Camino Estación Ferrocarril, S/N",MENGIBAR,JAÉN,MENGÍBAR-ARTICHUELA
23007,9,ESPAÑA,3100,37.7798270,-3.7907980,"Pla. de Jaen Por la Paz, 1",JAEN,JAÉN,JAÉN
16004,10,ESPAÑA,3208,40.0351920,-2.1444100,"Avda. Cerro de la Estrella, S/N --- N-320 - Circunvalacion de Cuenca",CUENCA,CUENCA,CUENCA-FERNANDO ZÓBEL
46340,11,ESPAÑA,3213,39.5198340,-1.1276010,Autovia A3 - Salida 285,REQUENA,VALENCIA/VALÈNCIA,REQUENA-UTIEL
46007,12,ESPAÑA,3216,39.4590510,-0.3829230,"C/ San Vicente Martir, 171",VALENCIA,VALENCIA/VALÈNCIA,VALÈNCIA-JOAQUÍN SOROLLA
3400,13,ESPAÑA,3309,38.5853020,-0.8732950,"Partida de San Juan, 182",VILLENA,ALICANTE/ALACANT,VILLENA ALTA VELOCIDAD
3006,14,ESPAÑA,3410,38.2455100,-0.7667500,"Camí de Mallorca, S/N --- (Partida de Matola, Polígono 1, - 144 - Matola 1144)",ELCHEELX,ALICANTE/ALACANT,ELCHE/ELX AV
3360,15,ESPAÑA,3412,38.1227708,-0.8745727,"Camino Azarbe de Simón, S/N  -- Estación de Alta Velocidad - Cox",CALLOSADESEGURA,ALICANTE/ALACANT,CALLOSA DE SEGURA-COX
19000,16,ESPAÑA,4007,40.5873150,-3.1243010,"Ctra. N - 320 --- Sacedon-Cuenca, Km 268",YEBES,GUADALAJARA,GUADALAJARA-YEBES
50011,17,ESPAÑA,4040,41.6586576,-0.9112693,"C/ Rioja, 33",ZARAGOZA,ZARAGOZA,ZARAGOZA DELICIAS
43765,18,ESPAÑA,4104,41.1920660,1.27266600,"C/ Mas L'Hereuet, S/N",TARRAGONA,TARRAGONA,CAMP DE TARRAGONA
17740,19,ESPAÑA,4307,42.2647710,2.94354700,"Avda. Puig Grau, S/N",VILAFANT,GIRONA,FIGUERES-VILAFANT
18014,20,ESPAÑA,5000,37.1840380,-3.6091540,"Avda. de los Andaluces, S/N",GRANADA,GRANADA,GRANADA
18300,21,ESPAÑA,5012,37.1753720,-4.1348410,"C/ Fuente Don Pedro, S/N",LOJA,GRANADA,LOJA
48860,143,ESPAÑA,5484,43.2158138,-3.1312555,"Avda. Sabino Arana, S/N",ZALLA,BIZKAIA,MIMETIZ
30840,260,ESPAÑA,6002,37.8494024,-1.4145141,"C/ la Estación,  8",ALHAMADEMURCIA,MURCIA,ALHAMA DE MURCIA
30850,261,ESPAÑA,6003,37.7635424,-1.4956153,Camino de la Estación S/N,TOTANA,MURCIA,TOTANA
30800,262,ESPAÑA,6006,37.6721129,-1.6962305,"C/ Alameda de Menchiron, S/N",LORCA,MURCIA,LORCA-SUTULLENA
30880,263,ESPAÑA,7004,37.4098650,-1.5725342,"Paseo de la Estación, S/N",AGUILAS,MURCIA,ÁGUILAS
40006,264,ESPAÑA,8004,40.9105770,-4.0945640,"Paseo Campos de Castilla, S/N",SEGOVIA,SEGOVIA,SEGOVIA-GUIOMAR
36201,265,ESPAÑA,8223,42.2341890,-8.7137280,Rúa Vía Norte S/N,VIGO,PONTEVEDRA,VIGO URZAIZ
36818,266,ESPAÑA,8224,42.284509,-8.603573,"Estrada de Pazos, 10",REDONDELA,PONTEVEDRA,REDONDELA AV
47400,267,ESPAÑA,8240,41.3174590,-4.9100710,"Ctra. Vp-8904 de las Salinas, Km 1,500",MEDINADELCAMPO,VALLADOLID,MEDINA DEL CAMPO AV
49320,268,ESPAÑA,8247,42.0450532,-6.5631319,"Carretera N-525 P.k. 78+100,  Polígono 34 Parcela 9006",PUEBLADESANABRIA,ZAMORA,SANABRIA AV
32540,269,ESPAÑA,8251,42.0635401,-7.1355604,"Rúa Viana, S/N",GUDINAA,OURENSE,A GUDIÑA-PORTA DE GALICIA
28008,270,ESPAÑA,10000,40.4214895,-3.7189689,"Paseo de la Florida, 2",MADRID,MADRID,MADRID-PRÍNCIPE PÍO
28023,271,ESPAÑA,10001,40.4484551,-3.7855547,"Avda. del Talgo, S/N - Rosas de Aravaca, S/N",MADRID,MADRID,ARAVACA
28224,272,ESPAÑA,10002,40.4474569,-3.8002779,Pza. de la Estación S/N,POZUELODEALARCON,MADRID,POZUELO
28230,273,ESPAÑA,10005,40.4942887,-3.8681747,Ctra. de la Coruña Km.,ROZASDEMADRIDLAS,MADRID,LAS ROZAS
28230,274,ESPAÑA,10100,40.5222672,-3.8822477,"Avenida Bomberos S/N, las Rozas de Madrid (Madrid)",ROZASDEMADRIDLAS,MADRID,PINAR DE LAS ROZAS
28290,275,ESPAÑA,10101,40.5523869,-3.8967664,"Paseo del Ferrocarril, S/N",ROZASDEMADRIDLAS,MADRID,LAS MATAS
28250,276,ESPAÑA,10103,40.5745540,-3.9566013,Pza. Salvador Sanchez Frascuelo S/N,TORRELODONES,MADRID,TORRELODONES
28420,277,ESPAÑA,10104,40.6003138,-3.9822590,"Carretera de Galapagar A la Navata S/N, Galapagar (Madrid)",GALAPAGAR,MADRID,GALAPAGAR-LA NAVATA
28400,278,ESPAÑA,10200,40.6264893,-4.0080301,Pza. de la Estación S/N,COLLADOVILLALBA,MADRID,VILLALBA DE GUADARRAMA
28292,279,ESPAÑA,10201,40.6178953,-4.0310749,Avda. Saltos del Sil S/N,GALAPAGAR,MADRID,SAN YAGO
28292,280,ESPAÑA,10202,40.6093116,-4.0463626,"Camino de la Estación, S/N",SANLORENZODEELESCORIAL,MADRID,LAS ZORRERAS-NAVALQUEJIGO
28280,281,ESPAÑA,10203,40.5853675,-4.1324053,"Calle Santa Rosa 85, El Escorial (Madrid)",SANLORENZODEELESCORIAL,MADRID,EL ESCORIAL
28293,282,ESPAÑA,10204,40.5389272,-4.1580662,"C/ del Ferrocarril, S/N",ZARZALEJO,MADRID,ZARZALEJO
28294,283,ESPAÑA,10205,40.5208244,-4.2467592,"Avda. Estación Ferrocarril, S/N",ROBLEDODECHAVELA,MADRID,ROBLEDO DE CHAVELA
28296,284,ESPAÑA,10206,40.5690010,-4.2691255,"C/ Doce de Octubre, S/N",SANTAMARIADELAALAMEDA,MADRID,SANTA MARÍA DE LA ALAMEDA-PEGUERINOS
5230,285,ESPAÑA,10207,40.5892050,-4.3622590,"Avda. Estación Ferrocarril, S/N",NAVASDELMARQUESLAS,ÁVILA,LAS NAVAS DEL MARQUÉS
5240,286,ESPAÑA,10208,40.5911520,-4.4083820,"Avda. Estación Ferrocarril, S/N",NAVALPERALDEPINARES,ÁVILA,NAVALPERAL
28296,287,ESPAÑA,10209,40.5675870,-4.2835410,"C/ Estación Ferrocarril, S/N",SANTAMARIADELAALAMEDA,MADRID,EL PIMPOLLAR
5294,288,ESPAÑA,10300,40.5992750,-4.4950390,"Avda. Estación Ferrocarril, S/N",HERRADONDEPINARES,ÁVILA,HERRADÓN-LA CAÑADA
5004,289,ESPAÑA,10302,40.6490620,-4.6149870,"Avda. Estación Ferrocarril, S/N",AVILA,ÁVILA,GUIMORCONDO
5001,290,ESPAÑA,10400,40.6572550,-4.6833120,"Paseo Estación Ferrocarril, S/N",AVILA,ÁVILA,ÁVILA
5200,291,ESPAÑA,10409,41.0471230,-4.7019880,"C/ Deposito, S/N",AREVALO,ÁVILA,ARÉVALO
47400,292,ESPAÑA,10500,41.3176170,-4.9099230,"Avda. Estación Ferrocarril, 27",MEDINADELCAMPO,VALLADOLID,MEDINA DEL CAMPO
47220,293,ESPAÑA,10501,41.3679200,-4.8360010,"C/ Estación Ferrocarril, S/N",POZALDEZ,VALLADOLID,POZALDEZ
47230,294,ESPAÑA,10502,41.4227940,-4.8010250,"C/ Camino Estación Ferrocarril, S/N",MATAPOZUELOS,VALLADOLID,MATAPOZUELOS
47240,295,ESPAÑA,10503,41.4887290,-4.7729370,"Avda. Valladolid, S/N",VALDESTILLAS,VALLADOLID,VALDESTILLAS
47150,296,ESPAÑA,10504,41.5240700,-4.7544890,"C/ Estación Ferrocarril, S/N",VIANADECEGA,VALLADOLID,VIANA
47007,297,ESPAÑA,10600,41.6421670,-4.7269860,"C/ Recondo, S/N",VALLADOLID,VALLADOLID,VALLADOLID-CAMPO GRANDE
47260,298,ESPAÑA,10602,41.7372760,-4.6512940,"C/ Estación Ferrocarril, S/N",CABEZONDEPISUERGA,VALLADOLID,CABEZÓN DEL PISUERGA
47281,299,ESPAÑA,10603,41.7664460,-4.6234850,"Camino Estación Ferrocarril, S/N",CORCOS,VALLADOLID,CORCOS-AGUILAREJO
47290,300,ESPAÑA,10604,41.8088610,-4.5797540,"C/ Camino del Apeadero, S/N",CUBILLASDESANTAMARTA,VALLADOLID,CUBILLAS DE SANTA MARTA
34210,301,ESPAÑA,10605,41.8704800,-4.5412160,"C/ Estación Ferrocarril, 7",DUENAS,PALENCIA,DUEÑAS
47011,302,ESPAÑA,10610,41.6602570,-4.7040370,"Ctra. Juan Carlos I, S/N",VALLADOLID,VALLADOLID,VALLADOLID UNIVERSIDAD
34200,303,ESPAÑA,11000,41.9173600,-4.4958440,"C/ Linea Ferrocarril, 3 - 7",VENTADEBANOS,PALENCIA,VENTA DE BAÑOS
34220,304,ESPAÑA,11004,41.9765610,-4.4321140,"Avda. Virgen de Villaverde, S/N",MAGAZDEPISUERGA,PALENCIA,MAGAZ
34250,305,ESPAÑA,11006,42.0799740,-4.1985800,"C/ Aselmo Arenillas, S/N",QUINTANADELPUENTE,PALENCIA,QUINTANA DEL PUENTE
9118,306,ESPAÑA,11009,42.2157170,-3.9993960,"Ctra. Estación Ferrocarril, S/N",VILLAQUIRANDELOSINFANTES,BURGOS,VILLAQUIRÁN
9006,307,ESPAÑA,11014,42.3711970,-3.6663080,"Avda. Principe de Asturias, S/N",BURGOS,BURGOS,BURGOS-ROSA MANZANO
9240,308,ESPAÑA,11109,42.5427650,-3.3192870,"C/ Vía Ferrea, S/N",BRIVIESCA,BURGOS,BRIVIESCA
9280,309,ESPAÑA,11111,42.6304860,-3.1123070,"C/ Estación Ferrocarril, 2",PANCORBO,BURGOS,PANCORBO
9200,310,ESPAÑA,11200,42.6910240,-2.9403660,"Pza. Estación Ferrocarril, S/N",MIRANDADEEBRO,BURGOS,MIRANDA DE EBRO
1220,311,ESPAÑA,11203,42.7428990,-2.8675010,"C/ Rio Zadorra Kalea, S/N",RIBERABAJAERRIBERABEITIA,ARABA/ÁLAVA,MANZANOS
9294,312,ESPAÑA,11204,42.7652450,-2.8303850,"C/ Estación Ferrocarril, S/N",PUEBLADEARGANZONLA,BURGOS,LA PUEBLA DE ARGANZÓN
1230,313,ESPAÑA,11205,42.8162160,-2.8049420,"La Estación Kalez, S/N",IRUNAOKAIRUNADEOCA,ARABA/ÁLAVA,NANCLARES-LANGRAIZ
1005,314,ESPAÑA,11208,42.8415170,-2.6726010,"Plazuela de la Estación, 1",VITORIAGASTEIZ,ARABA/ÁLAVA,VITORIA-GASTEIZ
1240,315,ESPAÑA,11210,42.8487230,-2.5146680,"C/ Estación Ferrocarril, S/N",ALEGRIADULANTZI,ARABA/ÁLAVA,ALEGRÍA-DULANTZI
1200,316,ESPAÑA,11212,42.8464300,-2.3892100,"C/ Trebiño Kalea, S/N",SALVATIERRAAGURAIN,ARABA/ÁLAVA,AGURAIN-SALVATIERRA DE ÁLAVA
1208,317,ESPAÑA,11213,42.8695990,-2.3068070,"C/ Estación Ferrocarril, S/N",ZALDUONDO,ARABA/ÁLAVA,ARAIA
31800,318,ESPAÑA,11300,42.8948470,-2.1812370,"C/ Estación Ferrocarril, S/N",ALTSASUALSASUA,NAVARRA,ALTSASU
20220,319,ESPAÑA,11305,43.0189865,-2.3346811,"Brinkola Nucleo -  Legazpia, S/N",LEGAZPI,GIPUZKOA,BRINKOLA
20320,320,ESPAÑA,11306,43.0510385,-2.3306103,"C/ Estación, S/N",LEGAZPI,GIPUZKOA,LEGAZPI
20700,321,ESPAÑA,11400,43.0870824,-2.3202298,Estación S/N,ZUMARRAGA,GIPUZKOA,ZUMARRAGA
20216,322,ESPAÑA,11402,43.0402752,-2.2564620,"Sakabanatua, 23",ORMAIZTEGI,GIPUZKOA,ORMÁIZTEGUI
20200,323,ESPAÑA,11404,43.0462687,-2.2022994,"Pla. Barrendain, S/N",BEASAIN,GIPUZKOA,BEASAIN
20240,324,ESPAÑA,11405,43.0527547,-2.1791923,Joseba Rezolaren Pasalekua,ORDIZIA,GIPUZKOA,ORDIZIA
20400,325,ESPAÑA,11500,43.1354472,-2.0790886,Geltoki Kalea - Bajo,TOLOSA,GIPUZKOA,TOLOSA
20400,326,ESPAÑA,11501,43.1393963,-2.0741122,Pablo Gorosabel,TOLOSA,GIPUZKOA,TOLOSA-CENTRO
20150,327,ESPAÑA,11503,43.1891906,-2.0553722,"C/ Aurrerra Pla., 5",VILLABONA,GIPUZKOA,BILLABONA-ZIZURKIL
20140,328,ESPAÑA,11504,43.2155738,-2.0204595,"C/ Joaquín Larreta, S/N",ANDOAIN,GIPUZKOA,ANDOAIN-CENTRO
20120,329,ESPAÑA,11507,43.2664779,-1.9726232,"Atzieta Kalea, S/N",HERNANI,GIPUZKOA,HERNANI-ERDIA
20012,330,ESPAÑA,11511,43.3176961,-1.9767172,"Paseo de Francia 22, Donosti (Guipuzcoa)",DONOSTIASANSEBASTIAN,GIPUZKOA,SAN SEBASTIÁN-DONOSTIA
20001,331,ESPAÑA,11512,43.3218457,-1.9738835,"C/ Misericordia,7",DONOSTIASANSEBASTIAN,GIPUZKOA,GROS
20013,332,ESPAÑA,11513,43.3203225,-1.9598127,"Zubiaurre Pasealekua 27, Donostia-San Sebastian (Guipuzcoa)",DONOSTIASANSEBASTIAN,GIPUZKOA,ATEGORRIETA
20017,333,ESPAÑA,11514,43.3193537,-1.9370173,"Paseo de Herrera, 3",DONOSTIASANSEBASTIAN,GIPUZKOA,HERRERA
20110,334,ESPAÑA,11515,43.3189428,-1.9171727,Avda Navarra S/N,PASAIA,GIPUZKOA,PASAIA
20100,335,ESPAÑA,11516,43.3159364,-1.8994386,"C/ Jaizkibel,1",LEZO,GIPUZKOA,LEZO-RENTERÍA
20015,336,ESPAÑA,11522,43.3200487,-1.9517673,"Paseo Zubiaurre, S/N",DONOSTIASANSEBASTIAN,GIPUZKOA,INTXAURRONDO
20301,337,ESPAÑA,11600,43.3395365,-1.8012519,"Estación Kalea S/N, Irún (Gipuzkoa)",IRUN,GIPUZKOA,IRUN
28409,338,ESPAÑA,12001,40.6385670,-4.0218746,"Avda. de la Reina Victoria, S/N",ALPEDRETE,MADRID,LOS NEGRALES
28439,339,ESPAÑA,12002,40.6581044,-4.0349719,"Camino de la Estación, 34",ALPEDRETE,MADRID,ALPEDRETE
28450,340,ESPAÑA,12004,40.6928982,-4.0359271,"C/ Real, 73",COLLADOMEDIANO,MADRID,COLLADO MEDIANO
28460,341,ESPAÑA,12005,40.7066407,-4.0671991,"C/ Pedro Gutierrez, S/N",MOLINOSLOS,MADRID,LOS MOLINOS-GUADARRAMA
28470,342,ESPAÑA,12006,40.7376129,-4.0662985,"C/ Emilio Serrano, 43",CERCEDILLA,MADRID,CERCEDILLA
28480,343,ESPAÑA,12007,40.7056480,-4.1253100,"Avda. Valle del Guadarrama, S/N",GUADARRAMA,MADRID,TABLADA
40400,344,ESPAÑA,12008,40.7169140,-4.1576810,"Camino de Gudillos, S/N",ESPINAREL,SEGOVIA,GUDILLOS
40410,345,ESPAÑA,12009,40.7149440,-4.1814300,"Barrio de San Rafael, S/N",CASTRODELRIO,SEGOVIA,SAN RAFAEL
40400,346,ESPAÑA,12010,40.7408520,-4.1894820,"C/ Estación Ferrocarril, S/N",CASTRODELRIO,SEGOVIA,EL ESPINAR
40424,347,ESPAÑA,12011,40.7779090,-4.2069330,"Urbanizacion los Angeles de San Rafael, S/N",CASTRODELRIO,SEGOVIA,LOS ÁNGELES DE SAN RAFAEL
40422,348,ESPAÑA,12012,40.8009700,-4.2035040,"Barrio Estación Ferrocarril, S/N",OTERODEHERREROS,SEGOVIA,OTERO-HERREROS
40421,349,ESPAÑA,12013,40.8327710,-4.1680940,"Avda. Estación Ferrocarril, S/N",ORTIGOSADELMONTE,SEGOVIA,ORTIGOSA DEL MONTE
40420,350,ESPAÑA,12014,40.8566730,-4.1411030,"C/ Estación Ferrocarril, S/N",NAVASDERIOFRIO,SEGOVIA,NAVAS DE RIOFRÍO-LA LOSA
28470,351,ESPAÑA,12020,40.7844678,-4.0047744,"Calle Vitoria 1, Cercedilla (Madrid)",CERCEDILLA,MADRID,PUERTO DE NAVACERRADA
40100,352,ESPAÑA,12023,40.8223419,-3.9644961,"Ctra. Sg - 615 ---  Estación de Ferrocarril, S/N",REALSITIODESANILDEFONSO,SEGOVIA,LOS COTOS
40006,353,ESPAÑA,12100,40.9340300,-4.1136500,"C/ Obispo Quesada, 1",SEGOVIA,SEGOVIA,SEGOVIA
1400,354,ESPAÑA,13106,43.1423514,-2.9606511,"C/ Jose Matia, 2",LAUDIOLLODIO,ARABA/ÁLAVA,LLODIO
48008,355,ESPAÑA,13200,43.2601304,-2.9285592,"Pla. Circular, 2",BILBAO,BIZKAIA,BILBAO-INTERMOD. ABANDO INDALECIO PRIETO
48012,356,ESPAÑA,13206,43.2547065,-2.9436598,"C/ Gordoniz, 49",BILBAO,BIZKAIA,AMETZOLA
34005,357,ESPAÑA,14100,42.0157110,-4.5341350,"Plaza de los Jardinillos S/N, Palencia",PALENCIA,PALENCIA,PALENCIA
34410,358,ESPAÑA,14101,42.1055380,-4.5016770,"C/ Estación de Ferrocarril, S/N",MONZONDECAMPOS,PALENCIA,MONZÓN DE CAMPOS
34420,359,ESPAÑA,14102,42.1780190,-4.4807430,"Ctra. P- 983 - Estación Ferrocarril, S/N",AMUSCO,PALENCIA,AMUSCO
34430,360,ESPAÑA,14103,42.2117470,-4.4346890,"C/ Estación Ferrocarril, S/N",PINADECAMPOS,PALENCIA,PIÑA
34440,361,ESPAÑA,14104,42.2649000,-4.4024330,"C/ las Huesas, S/N",FROMISTA,PALENCIA,FRÓMISTA
34460,362,ESPAÑA,14107,42.4150770,-4.3573670,"Avda. Calvo Sotelo, S/N",OSORNOLAMAYOR,PALENCIA,OSORNO
34491,363,ESPAÑA,14108,42.4523730,-4.3678110,"C/ Apeadero, S/N",ESPINOSADEVILLAGONZALO,PALENCIA,ESPINOSA DE VILLAGONZALO
34400,364,ESPAÑA,14111,42.5984770,-4.3166830,"Ctra. C- 627 --- Estación de Ferrocarril, S/N",HERRERADEPISUERGA,PALENCIA,HERRERA DE PISUERGA
34480,365,ESPAÑA,14112,42.6568370,-4.3113720,"C/ Estación Ferrocarril, S/N",ALARDELREY,PALENCIA,ALAR DEL REY
34492,366,ESPAÑA,14113,42.7237260,-4.2761600,"Pza. Estación Ferrocarril, S/N",AGUILARDECAMPOO,PALENCIA,MAVE
34800,367,ESPAÑA,14114,42.7853620,-4.2338990,"Barrio Estación Ferrocarril, 18 - 19",AGUILARDECAMPOO,PALENCIA,AGUILAR DE CAMPOO
34811,368,ESPAÑA,14115,42.8190300,-4.2027530,"C/ Estación Ferrocarril, S/N",POMARDEVALDIVIA,PALENCIA,QUINTANILLA DE LAS TORRES
34410,369,ESPAÑA,14117,42.1166417,-4.500692,"C/ Camino Becerril, S/N",MONZONDECAMPOS,PALENCIA,EL CARRIÓN
39410,370,ESPAÑA,14200,42.8709010,-4.1654060,C/  la Constitucion   S/N- Mataporquera (Valdeolea),VALDEOLEA,CANTABRIA,MATAPORQUERA
39200,371,ESPAÑA,14202,42.9944991,-4.1409454,Estación Adif Pza. de las Estaciónes S/N,REINOSA,CANTABRIA,REINOSA
39420,372,ESPAÑA,14206,43.1287054,-4.0534730,"Calle Doñini 17, Bárcena de Pie de Concha (Cantabria)",BARCENADEPIEDECONCHA,CANTABRIA,BÁRCENA
39400,373,ESPAÑA,14210,43.2551009,-4.0639472,"Estación Adif,  S/N --- Barrio Estación",CORRALESDEBUELNALOS,CANTABRIA,LOS CORRALES DE BUELNA
39460,374,ESPAÑA,14211,43.2985945,-4.0732520,"C/ Estación Adif, S/N",CORRALESDEBUELNALOS,CANTABRIA,LAS CALDAS DE BESAYA
39300,375,ESPAÑA,14213,43.3276776,-4.0426871,"Estación Adif,joaquin Fernandez Vallejo S/N",TORRELAVEGA,CANTABRIA,TORRELAVEGA
39470,376,ESPAÑA,14216,43.3531069,-3.9496471,"Estación Adif, Avda Luis de la Concha 1",PIELAGOS,CANTABRIA,RENEDO
39600,377,ESPAÑA,14220,43.4161415,-3.8410762,"Estación Adif  -- Avda. de Cantabria, S/N",CAMARGO,CANTABRIA,MALIAÑO
39002,378,ESPAÑA,14223,43.4583981,-3.8109529,Pza. de las Estaciónes  S/N-Santander,SANTANDER,CANTABRIA,SANTANDER
39011,379,ESPAÑA,14230,43.4540888,-3.8277628,"Avenida Candina S/N, Santander",SANTANDER,CANTABRIA,VALDECILLA
34192,380,ESPAÑA,15001,42.0492250,-4.5839540,"Paseo Estación Ferrocarril, S/N",GRIJOTA,PALENCIA,GRIJOTA
34310,381,ESPAÑA,15003,42.1047060,-4.6471200,"Ctra. P - 953 --- Estación Ferrocarril, S/N",BECERRILDECAMPOS,PALENCIA,BECERRIL
34300,382,ESPAÑA,15004,42.1506940,-4.6975990,"Avda. Berruguete, 38",PAREDESDENAVA,PALENCIA,PAREDES DE NAVA
34320,383,ESPAÑA,15006,42.1911200,-4.8502490,"Ctra. P - 932 --- Estación Ferrocarril, S/N",CISNEROS,PALENCIA,CISNEROS
34340,384,ESPAÑA,15007,42.2452380,-4.9705890,"C/ Estación Norte, S/N",VILLADA,PALENCIA,VILLADA
24340,385,ESPAÑA,15008,42.3232460,-5.0133810,"C/ Estación Ferrocarril, S/N",GRAJALDECAMPOS,LEÓN,GRAJAL
24320,386,ESPAÑA,15009,42.3693290,-5.0226670,"C/ Tras Estación, S/N",SAHAGUN,LEÓN,SAHAGÚN
24343,387,ESPAÑA,15012,42.4257530,-5.2085920,"C/ Senda Estación Ferrocarril, S/N",BURGORANEROEL,LEÓN,EL BURGO RANERO
24330,388,ESPAÑA,15014,42.4600040,-5.3867770,"C/ Estación Ferrocarril, 10-16",SANTASMARTAS,LEÓN,SANTAS MARTAS
24225,389,ESPAÑA,15015,42.4607160,-5.4975840,"Pza. Santa Rita, 10",VILLANUEVADELASMANZANAS,LEÓN,PALANQUINOS
24009,390,ESPAÑA,15100,42.5960480,-5.5824280,"Avda. Palencia, S/N",LEON,LEÓN,LEÓN
24640,391,ESPAÑA,15106,42.8044540,-5.6262550,"C/ la Estación, S/N",ROBLALA,LEÓN,LA ROBLA
24600,392,ESPAÑA,15108,42.8540990,-5.6745240,"C/ Capitan Lozano, 7",POLADEGORDONLA,LEÓN,LA POLA DE GORDÓN
24650,393,ESPAÑA,15109,42.8751500,-5.6396130,"C/ Reino de Leon, 1",POLADEGORDONLA,LEÓN,SANTA LUCÍA
24680,394,ESPAÑA,15112,42.9367100,-5.6576370,"C/ Estación Ferrocarril, 5",VILLAMANIN,LEÓN,VILLAMANÍN
24690,395,ESPAÑA,15113,42.9844950,-5.7053910,"Ctra. N - 630 --- Estación Ferrocarril, 1",VILLAMANIN,LEÓN,BUSDONGO
33694,396,ESPAÑA,15116,43.1017430,-5.7721620,"Camino Aspr - 92 --- Estación Ferrocarril, S/N",LENA,ASTURIAS,LINARES-CONGOSTINAS
33692,397,ESPAÑA,15118,43.0715986,-5.7694650,Estación Puente los Fierros,LENA,ASTURIAS,PUENTE DE LOS FIERROS
33620,398,ESPAÑA,15120,43.1100681,-5.8164466,"C/ la Estación, S/N",LENA,ASTURIAS,CAMPOMANES
33630,399,ESPAÑA,15122,43.1587200,-5.8310263,C/ Ramon y Cajal - S/N,LENA,ASTURIAS,POLA DE LENA
33640,400,ESPAÑA,15200,43.2046962,-5.7926422,C/ Estación - S/N,MIERES,ASTURIAS,UJO
33600,401,ESPAÑA,15203,43.2500266,-5.7822622,Barrio del Gonzalin S/N (Mi- 1),MIERES,ASTURIAS,MIERES-PUENTE
33012,402,ESPAÑA,15211,43.3663577,-5.8548380,Calle Uría S/N,OVIEDO,ASTURIAS,OVIEDO
33011,403,ESPAÑA,15217,43.3881080,-5.8272527,"C/ Ingeniero Francisco Pintado Fe, S/N",OVIEDO,ASTURIAS,LA CORREDORIA
33005,404,ESPAÑA,15218,43.3588282,-5.8573201,"Calle Trece Rosas, S/N",OVIEDO,ASTURIAS,LLAMAQUIQUE
33211,405,ESPAÑA,15401,43.5353848,-5.6971507,"Avda. Juan Carlos, S/N",GIJON,ASTURIAS,CALZADA DE ASTURIAS
33207,406,ESPAÑA,15410,43.5377329,-5.6758089,"C/  Sanz Crespo, S/N",GIJON,ASTURIAS,GIJÓN-SANZ CRESPO
33409,407,ESPAÑA,16403,43.5613390,-5.9228329,"Avda. de los Telares, 18",AVILES,ASTURIAS,AVILÉS
28036,408,ESPAÑA,17000,40.4711789,-3.6829524,"C/ Agustin de Foxa, S/N",MADRID,MADRID,MADRID-CHAMARTÍN-CLARA CAMPOAMOR
28045,409,ESPAÑA,18000,40.4066191,-3.6894391,"C/  Glorieta del Emperador Carlos V, 3",MADRID,MADRID,MADRID-ATOCHA CERCANÍAS
28001,410,ESPAÑA,18001,40.4233731,-3.6909310,"Paseo de Recoletos, 20",MADRID,MADRID,MADRID-RECOLETOS
28046,411,ESPAÑA,18002,40.4466271,-3.6923468,"Paseo de la Castellana, 85 ---  C/ Raimundo Fernandez Villaverde",MADRID,MADRID,MADRID-NUEVOS MINISTERIOS
24391,412,ESPAÑA,20002,42.5500850,-5.6377890,"C/ Guzman El Bueno, S/N",SANTOVENIADELAVALDONCINA,LEÓN,QUINTANA-RANEROS
24350,413,ESPAÑA,20005,42.4335000,-5.8875600,"Paseo Estación Ferrocarril, 34",VILLAREJODEORBIGO,LEÓN,VEGUELLINA
24394,414,ESPAÑA,20006,42.4143010,-5.9639880,"C/ Santa Ana, 20",VALDERREY,LEÓN,BARRIENTOS
24395,415,ESPAÑA,20007,42.4244620,-6.0080300,"C/ Antonio Aceña, 21",SANJUSTODELAVEGA,LEÓN,NISTAL
24393,416,ESPAÑA,20008,42.4645800,-5.8389140,"C/ El Palacio, 32",SANTAMARINADELREY,LEÓN,VILLAVANTE
24700,417,ESPAÑA,20100,42.4594890,-6.0472120,"Avda. Estación Ferrocarril, S/N",ASTORGA,LEÓN,ASTORGA
24396,418,ESPAÑA,20102,42.5537600,-6.0682670,"C/ Camino Estación Ferrocarril, S/N",MAGAZDECEPEDA,LEÓN,VEGA-MAGAZ
24397,419,ESPAÑA,20103,42.5989350,-6.1082380,"C/ Estación Ferrocarril, 5",MAGAZDECEPEDA,LEÓN,PORQUEROS
24360,420,ESPAÑA,20104,42.6326310,-6.2010020,"Travesia Fanal, 5",VILLAGATON,LEÓN,BRAÑUELAS
24378,421,ESPAÑA,20106,42.6148740,-6.2824950,"Avda. San Vicente, S/N",TORREDELBIERZO,LEÓN,LA GRANJA
24370,422,ESPAÑA,20109,42.5955780,-6.3290830,"Paseo Estación Ferrocarril, S/N",TORREDELBIERZO,LEÓN,TORRE DEL BIERZO
24300,423,ESPAÑA,20111,42.6095580,-6.4220480,"C/ Susana Gonzalez, 56",BEMBIBRE,LEÓN,BEMBIBRE
24398,424,ESPAÑA,20113,42.5863920,-6.5237760,"C/ Estación Ferrocarril, 34",CONGOSTO,LEÓN,SAN MIGUEL DE LAS DUEÑAS
24400,425,ESPAÑA,20200,42.5454290,-6.6023760,"Avda. del Ferrocarril, 15",PONFERRADA,LEÓN,PONFERRADA
24565,426,ESPAÑA,20203,42.5368600,-6.7511090,"C/ Camino del Apeadero, S/N",CARRACEDELO,LEÓN,VILLADEPALOS
24560,427,ESPAÑA,20204,42.5410520,-6.7767030,"Pza. Estación Ferrocarril, S/N",TORALDELOSVADOS,LEÓN,TORAL DE LOS VADOS
32141,428,ESPAÑA,20207,42.4753260,-6.8308780,"C/ Estación Ferrocarril, S/N",RUBIA,OURENSE,COVAS
32320,429,ESPAÑA,20208,42.4207040,-6.8294860,"Rúa da Estación, S/N",RUBIA,OURENSE,QUEREÑO
32330,430,ESPAÑA,20210,42.4148590,-6.9119510,"Ctra. de Entoma - Estación Ferrocarril, S/N",CARBALLEDADEVALDEORRAS,OURENSE,SOBRADELO
32300,431,ESPAÑA,20211,42.4183010,-6.9850300,"Avda. Estación Ferrocarril, S/N",BARCODEVALDEORRASO,OURENSE,O BARCO DE VALDEORRAS
32340,432,ESPAÑA,20212,42.4118290,-7.0611850,"Pza. Miguel Estevez, S/N",VILAMARTINDEVALDEORRAS,OURENSE,VILAMARTÍN DE VALDEORRAS
32350,433,ESPAÑA,20213,42.3927600,-7.1132840,"Rúa Circunvalación, S/N",RUAA,OURENSE,A RÚA-PETÍN
27390,434,ESPAÑA,20214,42.3940200,-7.1984000,"C/ San Miguel Montef, 4",QUIROGA,LUGO,MONTEFURADO
27310,435,ESPAÑA,20216,42.4652710,-7.2871980,"Rúa Do Ferrocarril, 31",RIBASDESIL,LUGO,SAN CLODIO-QUIROGA
27331,436,ESPAÑA,20218,42.5336820,-7.4000880,"Avda. da Pobra, S/N",POBRADOBROLLONA,LUGO,A POBRA DO BROLLÓN
27400,437,ESPAÑA,20300,42.5296820,-7.5035890,"Praza da Estación, S/N",MONFORTEDELEMOS,LUGO,MONFORTE DE LEMOS
27600,438,ESPAÑA,20305,42.7840490,-7.4188220,"Rúa Ramon Cabanillas, 6",SARRIA,LUGO,SARRIA
27617,439,ESPAÑA,20306,42.8329340,-7.3933290,"C/ Celtigos, 84",SARRIA,LUGO,PEDRELO-CÉLTIGOS
27003,440,ESPAÑA,20309,43.0152220,-7.5521760,"Pla. de Conde Fontao, S/N",LUGO,LUGO,LUGO
27370,441,ESPAÑA,20310,43.1213780,-7.6248350,"Praza de España, 23",RABADE,LUGO,RÁBADE
27371,442,ESPAÑA,20312,43.1734050,-7.7561280,"C/ Estación Ferrocarril, 8",BEGONTE,LUGO,BAAMONDE
27380,443,ESPAÑA,20313,43.1636440,-7.8373830,"Avda. da Estación, 9",GUITIRIZ,LUGO,PARGA
27300,444,ESPAÑA,20314,43.1790580,-7.8950390,"C/ Estación Ferrocarril, 71",GUITIRIZ,LUGO,GUITIRIZ
15310,445,ESPAÑA,20316,43.1414110,-8.0376900,"C/ Camino Estación Ferrocarril, S/N",CURTIS,"CORUÑA, A",TEIXEIRO
15310,446,ESPAÑA,20317,43.1272320,-8.1431550,"Praza de Compostela, 9",CURTIS,"CORUÑA, A",CURTIS
15390,447,ESPAÑA,20318,43.1279220,-8.1634980,"C/ Estación Ferrocarril, S/N",CESURAS,"CORUÑA, A",PIÑOI
15391,448,ESPAÑA,20319,43.1730730,-8.2005000,"Rúa Estación Ferrocarril, S/N",CESURAS,"CORUÑA, A",CESURAS
15380,449,ESPAÑA,20320,43.2187700,-8.1871110,"C/ Lois, 48",OZADOSRIOS,"CORUÑA, A",OZA DOS RÍOS
15319,450,ESPAÑA,20400,43.2706980,-8.2258470,"Camino Real da Infesta, S/N",BETANZOS,"CORUÑA, A",BETANZOS-INFESTA
15650,451,ESPAÑA,20402,43.2879130,-8.3077670,"C/ Apeadeiro, S/N",CAMBRE,"CORUÑA, A",CECEBRE
15660,452,ESPAÑA,20403,43.2905020,-8.3521040,"Ctra. da Estación Ferrocarril, 47",CAMBRE,"CORUÑA, A",CAMBRE
15670,453,ESPAÑA,20404,43.3178410,-8.3687500,"C/ Ramon Cabanillas, 8",CULLEREDO,"CORUÑA, A",O BURGO-SANTIAGO
15190,454,ESPAÑA,20410,43.3352220,-8.4130610,"C/ Estación Ferrocarril, S/N",CORUNAA,"CORUÑA, A",ELVIÑA-UNIVERSIDADE
15319,455,ESPAÑA,21001,43.2841370,-8.2158740,"Rúa Arxentina, 10",BETANZOS,"CORUÑA, A",BETANZOS-CIDADE
15630,456,ESPAÑA,21002,43.3494310,-8.2073130,"Pza. Estación Ferrocarril, S/N",MINO,"CORUÑA, A",MIÑO
15608,457,ESPAÑA,21003,43.3781970,-8.2011060,"C/ A Cruz, 20",MINO,"CORUÑA, A",PERBES
15614,458,ESPAÑA,21004,43.4117970,-8.1804160,"Avda. Ferrol, 77",PONTEDEUME,"CORUÑA, A",PONTEDEUME
15621,459,ESPAÑA,21005,43.4155850,-8.1688280,"Avda. Hilario Ruiz, S/N",CABANAS,"CORUÑA, A",CABANAS
15528,460,ESPAÑA,21007,43.4628990,-8.1885860,"Rúa Pablo Ares Feal, 43",FENE,"CORUÑA, A",BARALLOBRE
15500,461,ESPAÑA,21008,43.4723090,-8.1748370,"Rúa Antonia Montero, 4",FENE,"CORUÑA, A",PERLÍO
15510,462,ESPAÑA,21009,43.4953510,-8.1609670,"Avda. Castelao, 47",NEDA,"CORUÑA, A",NEDA
15407,463,ESPAÑA,21010,43.4880467,-8.2310664,"Avda. de Compostela, S/N",FERROL,"CORUÑA, A",FERROL
27440,465,ESPAÑA,22001,42.4828820,-7.5877330,"Travesia Estación Ferrocarril, 19",SOBER,LUGO,CANAVAL
27578,466,ESPAÑA,22002,42.4577990,-7.6287900,"Ctra. Lu -P - 5902 - Estación Ferrocarril, S/N",SOBER,LUGO,AREAS
27437,467,ESPAÑA,22003,42.4269210,-7.6616760,"Ctra. Lu-P-4103 - Estación Ferrocarril, S/N",PANTON,LUGO,SANTO ESTEVO DO SIL
27470,468,ESPAÑA,22004,42.4413530,-7.7041200,"Ctra. Lu-P-4104 - Estación Ferrocarril, S/N",PANTON,LUGO,SAN PEDRO DO SIL
32440,469,ESPAÑA,22005,42.4514390,-7.7355230,"Ctra. Lu-P-1004 - Estación Ferrocarril, S/N",PEROXAA,OURENSE,OS PEARES
32950,470,ESPAÑA,22006,42.4010950,-7.8025670,"Rúa da Estación, 34-37",COLES,OURENSE,BARRA DE MIÑO
32001,471,ESPAÑA,22100,42.3503890,-7.8727770,"Avda. Marin, S/N",OURENSE,OURENSE,OURENSE
32450,472,ESPAÑA,22101,42.3383760,-8.0117210,"Rúa da Estación, 1",CENLLE,OURENSE,BARBANTES
32400,473,ESPAÑA,22102,42.2931000,-8.1392610,"Rúa Baixada O Consello, S/N",RIBADAVIA,OURENSE,RIBADAVIA
36420,474,ESPAÑA,22103,42.2199170,-8.1847880,"Ctra. Po - 401 --- Estación Ferrocarril, S/N",CRECENTE,PONTEVEDRA,FILGUEIRA
36428,475,ESPAÑA,22104,42.1548820,-8.2010360,"Ctra. Or - 412 --- Estación Ferrocarril, S/N",CRECENTE,PONTEVEDRA,FRIEIRA
36493,476,ESPAÑA,22105,42.1367050,-8.2348890,"C/ Pousa - Estación Ferrocarril, S/N",CRECENTE,PONTEVEDRA,POUSA-CRECENTE
36430,477,ESPAÑA,22106,42.1070580,-8.3002470,"Rúa da Estación, 2",ARBO,PONTEVEDRA,ARBO
36494,478,ESPAÑA,22107,42.0920920,-8.3559980,"Ctra. Po-400 Estación Ferrocarril, S/N",ARBO,PONTEVEDRA,SELA
36440,479,ESPAÑA,22108,42.0754620,-8.4200740,"Ctra. Ep - 4203 --- Estación Ferrocarril, S/N",NEVESAS,PONTEVEDRA,AS NEVES
36450,480,ESPAÑA,22109,42.0816400,-8.4951410,"Rúa Marques de Viana, S/N",SALVATERRADEMINO,PONTEVEDRA,SALVATERRA
36729,481,ESPAÑA,22110,42.0558130,-8.5663430,"Ctra. Po - 404 --- Estación Ferrocarril, S/N",TUI,PONTEVEDRA,CALDELAS
36720,482,ESPAÑA,22200,42.0656630,-8.6225300,"Pla. Estación Ferrocarril, S/N",TUI,PONTEVEDRA,GUILLAREI
36400,483,ESPAÑA,22201,42.1641900,-8.6220200,"Rúa Estación Ferrocarril, 9",PORRINOO,PONTEVEDRA,O PORRIÑO
36800,484,ESPAÑA,22300,42.2860050,-8.6194020,"Avenida de la Estación, S/N",REDONDELA,PONTEVEDRA,REDONDELA
36201,485,ESPAÑA,22308,42.2392656,-8.7146089,"Rúa Areal, S/N",VIGO,PONTEVEDRA,VIGO-GUIXAR
36715,486,ESPAÑA,22401,42.0565340,-8.6428840,"Avda. la Concordia, 71",TUI,PONTEVEDRA,TUI
36800,488,ESPAÑA,23000,42.2868660,-8.6071180,"Camiño Carrascal, 10",REDONDELA,PONTEVEDRA,REDONDELA-PICOTA
36693,489,ESPAÑA,23001,42.3102580,-8.6165410,"C/ Estrada Praia de Cesantes, 80",REDONDELA,PONTEVEDRA,CESANTES
36690,490,ESPAÑA,23002,42.3405490,-8.6111780,"Rúa Rosalia de Castro, S/N",SOUTOMAIOR,PONTEVEDRA,ARCADE
36003,491,ESPAÑA,23004,42.4219690,-8.6355460,"Avda. de la Estación, S/N",PONTEVEDRA,PONTEVEDRA,PONTEVEDRA
13500,558,ESPAÑA,37300,38.6912800,-4.1116550,"C/ Muelle, S/N",PUERTOLLANO,CIUDAD REAL,PUERTOLLANO
36692,492,ESPAÑA,23005,42.5178010,-8.6546090,"Ctra. Ep-0506 - Estación Ferrocarril, S/N",BARRO,PONTEVEDRA,PORTELA
36600,493,ESPAÑA,23008,42.6021890,-8.7625230,"Plaza da Estación, S/N Vilagarcía de Arousa (Pontevedra)",VILAGARCIADEAROUSA,PONTEVEDRA,VILAGARCÍA DE AROUSA
36612,494,ESPAÑA,23009,42.6721660,-8.7252910,"Praza Do Doctor Jose R. Vazquez, 1 --- Rúa da Estación, S/N",CATOIRA,PONTEVEDRA,CATOIRA
36640,495,ESPAÑA,23010,42.7229850,-8.6521300,"Rúa Estación Ferrocarril, 2",PONTECESURES,PONTEVEDRA,PONTECESURES
15917,496,ESPAÑA,23011,42.7389670,-8.6526140,"Camiño Luans, 45",PADRON,"CORUÑA, A",PADRÓN
15866,497,ESPAÑA,23013,42.8252980,-8.6158400,"Ctra. Dp-0205 - Estación Ferrocarril, S/N",TEO,"CORUÑA, A",OSEBE
36002,498,ESPAÑA,23018,42.4387499,-8.6304812,"Avda. Buenos Aires, 74 - Camino da Via - Estación Ferrocarril, S/N",PONTEVEDRA,PONTEVEDRA,PONTEVEDRA UNIVERSIDAD
15980,499,ESPAÑA,23021,42.7389670,-8.6526140,"Ctra. Dp-3302 - Estación Ferrocarril, S/N",PADRON,"CORUÑA, A",PADRÓN BARBANZA
10680,500,ESPAÑA,30000,39.9374640,-6.1009100,"Ctra. Estación Ferrocarril Malpartida, S/N",MALPARTIDADEPLASENCIA,CÁCERES,MONFRAGÜE
10600,501,ESPAÑA,30002,40.0222820,-6.0993970,"C/ Alfonso Camargo, S/N",PLASENCIA,CÁCERES,PLASENCIA
37004,502,ESPAÑA,30100,40.9722350,-5.6489900,"Paseo de la Estación, 122",SALAMANCA,SALAMANCA,SALAMANCA
37003,503,ESPAÑA,30110,40.9667630,-5.6563660,"Paseo del Ferrocarril, S/N",SALAMANCA,SALAMANCA,SALAMANCA-LA ALAMEDILLA
49004,504,ESPAÑA,30200,41.5158920,-5.7396750,"Ctra. de la Estación, S/N",ZAMORA,ZAMORA,ZAMORA
47500,505,ESPAÑA,31002,41.3347160,-5.0768180,"C/ Juan Antonio Carmona, 5",NAVADELREY,VALLADOLID,NAVA DEL REY
49800,506,ESPAÑA,31006,41.5122010,-5.3849530,"Barrio Azucarera Duero - Ctra. Estación, 42",TORO,ZAMORA,TORO
49160,507,ESPAÑA,31104,41.6815420,-5.9719060,"Ctra. Za - P - 2439 --- Estación Ferrocarril, S/N",CARBAJALESDEALBA,ZAMORA,CARBAJALES DE ALBA
49550,508,ESPAÑA,31106,41.7641060,-6.0739000,"C/ Apeadero, S/N",FERRERUELADEHUERVA,ZAMORA,FERRERUELA DE TÁBARA
49591,509,ESPAÑA,31107,41.8094200,-6.1418510,"Ctra. Za - 2450 - C/ Escuela - Estación Ferrocarril, S/N",RIOFRIODEALISTE,ZAMORA,ABEJERA
49591,510,ESPAÑA,31108,41.8484970,-6.2051300,"Ctra. Za-P-1407 - Estación Ferrocarril, S/N",RIOFRIODEALISTE,ZAMORA,SARRACÍN DE ALISTE
49592,511,ESPAÑA,31109,41.8545950,-6.2463500,"Travesia Piedras Cabañas, S/N",SANVICENTEDELACABEZA,ZAMORA,CABAÑAS DE ALISTE
49593,512,ESPAÑA,31112,41.9469630,-6.4845410,"Ctra. Za - P - 2640 --- Estación Ferrocarril, S/N",MANZANALDEARRIBA,ZAMORA,LINAREJOS-PEDROSO
49300,513,ESPAÑA,31200,42.0457630,-6.6268480,"Ctra. Estación Ferrocarril, 24",PUEBLADESANABRIA,ZAMORA,PUEBLA DE SANABRIA
32570,514,ESPAÑA,31303,42.4114010,-8.0289670,"Ctra. Ou - 0303 - Rúa San Amaro, S/N",MASIDE,OURENSE,A FRIELA-MASIDE
32500,515,ESPAÑA,31304,42.4313400,-8.0688740,"Avda. O Vintecinco de Xullo, S/N",CARBALLINOO,OURENSE,O CARBALLIÑO
32530,516,ESPAÑA,31306,42.5197190,-8.1051740,"Ctra. Ou-223 - Aldea A Lama, 46",IRIXOO,OURENSE,O IRIXO
36519,517,ESPAÑA,31308,42.6325300,-8.1427150,"Ctra. Po -534 --- C/ Botos, S/N --- Estación Ferrocarril, S/N",LALIN,PONTEVEDRA,LALÍN
15702,518,ESPAÑA,31400,42.8708420,-8.5446970,"C/ Horreo, 75 A",SANTIAGODECOMPOSTELA,"CORUÑA, A",SANTIAGO DE COMPOSTELA-DANIEL CASTELAO
15690,519,ESPAÑA,31411,43.2973740,-8.4444040,"Ctra. Dp-0510 - Travesia Estación, S/N",ARTEIXO,"CORUÑA, A",UXES
15008,520,ESPAÑA,31412,43.3496932,-8.4155629,"Avda. del Ferrocarril, 22 Bis",CORUNAA,"CORUÑA, A",A CORUÑA
15689,521,ESPAÑA,31415,43.0375440,-8.4484470,"C/ Fosado, 28",ORDES,"CORUÑA, A",ORDES
15188,522,ESPAÑA,31416,43.2078791,-8.4467723,"Ctra. C - 2104 - A --- Estación Ferrocarril, S/N",CERCEDA,"CORUÑA, A",CERCEDA-MEIRAMA
47460,523,ESPAÑA,32001,41.2595090,-5.0177910,"Camino Cementerio, S/N",CAMPILLOEL,VALLADOLID,CAMPILLO
47470,524,ESPAÑA,32002,41.2154640,-5.1144660,"Paseo Isidora Carbonera, S/N --- C/ Huerta, 11",CARPIO,VALLADOLID,EL CARPIO
47480,525,ESPAÑA,32003,41.1913510,-5.1380610,"C/ Candido Sanchez, 26",FRESNOELVIEJO,VALLADOLID,FRESNO EL VIEJO
37400,526,ESPAÑA,32004,41.1335850,-5.1829610,"Paseo Estación Ferrocarril --- C/ Cardillares, S/N",CANTALAPIEDRA,SALAMANCA,CANTALAPIEDRA
37410,527,ESPAÑA,32006,41.0799010,-5.4060190,"Paseo de la Estación, 53",PEDROSODELAARMUNAEL,SALAMANCA,EL PEDROSO DE LA ARMUÑA
37490,528,ESPAÑA,32007,41.0637410,-5.4741740,"C/ Villaverde, S/N",PITIEGUA,SALAMANCA,PITIEGUA
37420,529,ESPAÑA,32008,41.0418590,-5.5415510,"Ctra. Pedrosillo, 6",GOMECELLO,SALAMANCA,GOMECELLO
37430,530,ESPAÑA,32009,41.0116330,-5.5847130,"Ctra. Dsa-610 - Estación Ferrocarril, S/N",MORISCOS,SALAMANCA,MORISCOS
5320,531,ESPAÑA,34002,40.7391200,-4.7507500,"Ctra. Estación Ferrocarril, S/N",CARDENOSA,ÁVILA,CARDEÑOSA DE ÁVILA
5350,532,ESPAÑA,34005,40.8038410,-4.8714070,"C/ Estación Ferrocarril, S/N",SANPEDRODELARROYO,ÁVILA,SAN PEDRO DEL ARROYO
5300,533,ESPAÑA,34007,40.8701100,-4.9680300,"Ctra. Avp - 115 --- Estación Ferrocarril, S/N",CRESPOS,ÁVILA,CRESPOS
5369,534,ESPAÑA,34008,40.8666410,-5.0528690,"Ctra. Avp-627 - Estación Ferrocarril, S/N",NARROSDELCASTILLO,ÁVILA,NARROS DEL CASTILLO
37300,535,ESPAÑA,34010,40.8981380,-5.2063610,"Ronda Estación Ferrocarril, 15",PENARANDADEBRACAMONTE,SALAMANCA,PEÑARANDA DE BRACAMONTE
37320,536,ESPAÑA,34011,40.9519810,-5.2961830,"Paseo Estación Ferrocarril, S/N",VILLARDEGALLIMAZO,SALAMANCA,VILLAR DE GALLIMAZO
37330,537,ESPAÑA,34012,40.9724260,-5.4305930,"Ctra. Dsa - 650 --- Estación Ferrocarril, S/N",BABILAFUENTE,SALAMANCA,BABILAFUENTE
37340,538,ESPAÑA,34013,40.9842430,-5.4929550,"Ctra. Dsa-650 - Estación Ferrocarril, S/N",SANMORALES,SALAMANCA,SAN MORALES
37350,539,ESPAÑA,34014,40.9798900,-5.5529510,"Ctra. Sa - 804 - Estación Ferrocarril, S/N",ALDEALENGUA,SALAMANCA,ALDEALENGUA
28911,540,ESPAÑA,35001,40.3286430,-3.7713161,"C/ Santa Rosa, 10 --- C/ Virgen del Camino, S/N",LEGANES,MADRID,LEGANÉS
28944,541,ESPAÑA,35002,40.2833784,-3.7994429,"Paseo de Roma, S/N",FUENLABRADA,MADRID,FUENLABRADA
45200,542,ESPAÑA,35005,40.1208800,-3.8422620,"Paseo Estación Ferrocarril, S/N",ILLESCAS,TOLEDO,ILLESCAS
28970,543,ESPAÑA,35012,40.2558101,-3.8287055,"C/ Ferrocarril, S/N",HUMANESDEMADRID,MADRID,HUMANES
45500,544,ESPAÑA,35105,39.9790030,-4.2830370,"Avda. Estación Ferrocarril, S/N",TORRIJOS,TOLEDO,TORRIJOS
45685,545,ESPAÑA,35109,39.9609960,-4.6470930,"Pza. Estación Ferrocarril, S/N",MONTEARAGON,TOLEDO,MONTEARAGÓN
45600,546,ESPAÑA,35200,39.9706740,-4.8265120,"Paseo Estación Ferrocarril, S/N",TALAVERADELAREINA,TOLEDO,TALAVERA DE LA REINA
45560,547,ESPAÑA,35203,39.9217460,-5.1861370,"Avda. Estación Ferrocarril, S/N",OROPESA,TOLEDO,OROPESA DE TOLEDO
10300,548,ESPAÑA,35206,39.8949130,-5.5456070,"Pza. Estación Ferrocarril, 1",NAVALMORALDELAMATA,CÁCERES,NAVALMORAL DE LA MATA
10520,549,ESPAÑA,35207,39.8919090,-5.6777320,"Paseo José Antonio Pavon, 29",CASATEJADA,CÁCERES,CASATEJADA
10540,550,ESPAÑA,35301,39.8662290,-6.2289690,"C/ Adolfo de Miguel, 13",MIRABEL,CÁCERES,MIRABEL
10592,551,ESPAÑA,35302,39.8118660,-6.3260450,"C/ Estación Ferrocarril, S/N",CASASDEMILLAN,CÁCERES,CASAS DE MILLÁN
10820,552,ESPAÑA,35303,39.7891240,-6.3750310,"C/ Estación Ferrocarril, S/N",CANAVERAL,CÁCERES,CAÑAVERAL
10005,553,ESPAÑA,35400,39.4611310,-6.3856790,"Avda. Juan Pablo Ii, 6",CACERES,CÁCERES,CÁCERES
10910,554,ESPAÑA,35402,39.4680780,-6.5336340,"Avda. de la Estación, 79",CACERES,CÁCERES,ARROYO DE MALPARTIDA
6500,555,ESPAÑA,35405,39.3815610,-7.1170750,"Ctra. Cc-91 - Estación Ferrocarril, S/N",SANVICENTEDEALCANTARA,BADAJOZ,SAN VICENTE DE ALCÁNTARA
10500,556,ESPAÑA,35406,39.4269280,-7.2306880,"C/ Manuel Puebla Estación, S/N",VALENCIADEALCANTARA,CÁCERES,VALENCIA DE ALCÁNTARA
13005,557,ESPAÑA,37200,38.9853000,-3.9136330,"Avda. de Europa, 1",CIUDADREAL,CIUDAD REAL,CIUDAD REAL
13450,559,ESPAÑA,37302,38.6687580,-4.3164680,"C/ Jose Poveda, S/N",BRAZATORTAS,CIUDAD REAL,BRAZATORTAS-VEREDAS
13480,560,ESPAÑA,37305,38.7405780,-4.7303870,"Ctra. C- 424 - Estación Ferrocarril, S/N",ALMADENEJOS,CIUDAD REAL,ALMADENEJOS-ALMADÉN
13490,561,ESPAÑA,37308,38.6992100,-4.9297710,"Ctra. los Pedroches, Km 4",GUADALMEZ,CIUDAD REAL,GUADALMEZ-LOS PEDROCHES
6600,562,ESPAÑA,37311,38.7238900,-5.2270670,"Barriada Estación, S/N",CABEZADELBUEY,BADAJOZ,CABEZA DEL BUEY
6614,563,ESPAÑA,37400,38.6966310,-5.2904960,"Ctra. Ex-104 - Estación Ferrocarril, S/N",CABEZADELBUEY,BADAJOZ,ALMORCHÓN
6420,564,ESPAÑA,37402,38.7350210,-5.5416370,"C/ Alemania, 10",CASTUERA,BADAJOZ,CASTUERA
6460,565,ESPAÑA,37404,38.8533950,-5.6414150,"Ctra. Ex - 115 --- Estación Ferrocarril, S/N",CAMPANARIO,BADAJOZ,CAMPANARIO
6700,566,ESPAÑA,37406,38.9688600,-5.7965000,"C/ Jose Gallardo, 10",VILLANUEVADELASERENA,BADAJOZ,VILLANUEVA DE LA SERENA
6400,567,ESPAÑA,37407,38.9669500,-5.8629230,"Avda. de la Constitucion, 29",DONBENITO,BADAJOZ,DON BENITO
6474,568,ESPAÑA,37409,38.9133010,-6.0694070,"C/ Luis Chamizo, 6",VALDETORRES,BADAJOZ,VALDETORRES
6470,569,ESPAÑA,37410,38.8967490,-6.1288420,"Ctra. Ba - 043 --- Estación de Ferrocarril, S/N",GUARENA,BADAJOZ,GUAREÑA
6800,570,ESPAÑA,37500,38.9215030,-6.3437940,"C/ Cardero, S/N",MERIDA,BADAJOZ,MÉRIDA
6480,571,ESPAÑA,37603,38.9135390,-6.5985770,"Avda. Estación Ferrocarril, S/N",MONTIJO,BADAJOZ,MONTIJO
6186,572,ESPAÑA,37604,38.9220990,-6.6899980,"Ctra. Ba - 034 --- Estación de Ferrocarril, S/N",GUADIANADELCAUDILLO,BADAJOZ,GUADIANA
6006,573,ESPAÑA,37606,38.8906960,-6.9817530,"Calle Carmelo Vera Domenech S/N, Badajoz",BADAJOZ,BADAJOZ,BADAJOZ
6480,574,ESPAÑA,37608,38.9139730,-6.6182810,"C/ Estación Ferrocarril, S/N",MONTIJO,BADAJOZ,MONTIJO-EL MOLINO
6870,575,ESPAÑA,37611,38.9157630,-6.4740800,"Barriada Estación, 2",GARROVILLALA,BADAJOZ,GARROVILLA-LAS VEGAS
14440,576,ESPAÑA,37704,38.2554049,-4.5709520,"Ctra. Co-5100 - Villanueva Adamuz Km 9,8 - Estación Ferrocarril, S/N",VILLANUEVADECORDOBA,CÓRDOBA,VILLANUEVA DE CÓRDOBA
6810,577,ESPAÑA,40002,38.8869310,-6.3829650,"Avda. de Espronceda, S/N",CALAMONTE,BADAJOZ,CALAMONTE
6200,578,ESPAÑA,40004,38.6846620,-6.3998150,"C/ Lago de Alange, 1a",ALMENDRALEJO,BADAJOZ,ALMENDRALEJO
6220,579,ESPAÑA,40005,38.5644020,-6.3520480,"Avda. Estación Ferrocarril, S/N",VILLAFRANCADELOSBARROS,BADAJOZ,VILLAFRANCA DE LOS BARROS
6230,580,ESPAÑA,40006,38.4497240,-6.3617490,"C/ Diseminado la Carrasca, 5",SANTOSDEMAIMONALOS,BADAJOZ,LOS SANTOS DE MAIMONA
6300,581,ESPAÑA,40008,38.4244030,-6.4100840,"Barriada Antono Zodo, S/N",ZAFRA,BADAJOZ,ZAFRA FERIA
6300,582,ESPAÑA,40100,38.4136350,-6.4050830,"Avda. Estación Ferrocarril, S/N",ZAFRA,BADAJOZ,ZAFRA
6900,583,ESPAÑA,40105,38.2370000,-6.0090170,"Avda. Estación Ferrocarril, 6",LLERENA,BADAJOZ,LLERENA
6980,584,ESPAÑA,40107,38.1635300,-5.9004840,"Ctra. Bav - 1618 --- Estación Ferrocarril, S/N",FUENTEDELARCO,BADAJOZ,FUENTE DEL ARCO
41390,585,ESPAÑA,40108,38.0901970,-5.8033880,"Ctra. Se - 165 --- Estación Ferrocarril, S/N",GUADALCANAL,SEVILLA,GUADALCANAL
41370,586,ESPAÑA,40113,37.9328637,-5.7044330,"Ctra. de Cazalla-Constantina, S/N",CONSTANTINA,SEVILLA,CAZALLA-CONSTANTINA
41360,587,ESPAÑA,40115,37.8373919,-5.7624522,"Avda. de Constantina, S/N",PEDROSOEL,SEVILLA,PEDROSO
41350,588,ESPAÑA,40119,37.6617048,-5.7121543,"C/ Santa Barbara, S/N",VILLANUEVADELRIOYMINAS,SEVILLA,VILLANUEVA DEL RÍO-MINAS
41340,589,ESPAÑA,40122,37.6093044,-5.7316939,"Calle Santa Cruz 48, Tocina (Sevilla)",TOCINA,SEVILLA,TOCINA
6340,590,ESPAÑA,42005,38.1676130,-6.6379090,"Ctra. Ex - 201 --- Estación Ferrocarril, S/N",FREGENALDELASIERRA,BADAJOZ,FREGENAL DE LA SIERRA
21380,591,ESPAÑA,42006,38.0531260,-6.6315530,"Ctra. A - 5300 --- Estación Ferrocarril, S/N",CUMBRESMAYORES,HUELVA,CUMBRES MAYORES
21360,592,ESPAÑA,42008,37.9282430,-6.7739080,"C/ Roman Talero, 34",JABUGO,HUELVA,JABUGO-GALAROZA
21342,593,ESPAÑA,42009,37.9011740,-6.7973720,"C/ Aldea Estación Almter, S/N",ALMONASTERLAREAL,HUELVA,ALMONASTER-CORTEGANA
21330,594,ESPAÑA,42012,37.7871110,-6.8737290,"Ctra. Hu-6102 - Estación Ferrocarril, S/N",CORTEGANA,HUELVA,VALDELAMUSA
21320,595,ESPAÑA,42013,37.7203390,-6.9005540,"Ctra. Hu - 5101 --- Estación Ferrocarril, S/N",CERRODEANDEVALOEL,HUELVA,EL TAMUJOSO
21300,596,ESPAÑA,42015,37.6520070,-6.8758410,"Paseo Ramon Regajo, S/N",CALANAS,HUELVA,CALAÑAS
21300,597,ESPAÑA,42016,37.5862190,-6.9199380,"Ctra. H - 9020 --- Estación Ferrocarril, S/N",CALANAS,HUELVA,LOS MILANOS
21300,598,ESPAÑA,42018,37.5165090,-6.9534280,"Ctra. Hv - 1427 --- Estación Ferrocarril, S/N",CALANAS,HUELVA,EL COBUJÓN
21500,599,ESPAÑA,42019,37.4618640,-6.9475330,"Ctra. N - 431 --- Estación Ferrocarril, S/N",GIBRALEON,HUELVA,BELMONTE
21500,600,ESPAÑA,42020,37.3685200,-6.9620700,"C/ Guadiana, 6",GIBRALEON,HUELVA,GIBRALEÓN
41805,601,ESPAÑA,43005,37.3568512,-6.2082011,"C/ Celda, S/N",BENACAZON,SEVILLA,BENACAZÓN
41820,602,ESPAÑA,43008,37.3689550,-6.3350880,Ctra. Se - 637 - Estación de Ferrocarril S/N,CARRIONDELOSCESPEDES,SEVILLA,CARRIÓN DE LOS CÉSPEDES
21870,603,ESPAÑA,43009,37.3978120,-6.3919800,"Ctra. Hu - 6111 --- Camino del Pozo, S/N",ESCACENADELCAMPO,HUELVA,ESCACENA
21700,604,ESPAÑA,43011,37.3906650,-6.5544440,"Avda. de la Constitucion, 9",PALMADELCONDADOLA,HUELVA,LA PALMA DEL CONDADO
21850,605,ESPAÑA,43012,37.3869990,-6.5988190,"Ctra. A-472 - Estación Ferrocarril, S/N",VILLARRASA,HUELVA,VILLARRASA
21840,606,ESPAÑA,43015,37.3587619,-6.6812578,"Avda. Puerta del Buey, S/N",NIEBLA,HUELVA,NIEBLA-PUERTA DEL BUEY
21003,607,ESPAÑA,43019,37.2525922,-6.9448154,"Avda. de Cádiz, S/N",HUELVA,HUELVA,HUELVA
21610,608,ESPAÑA,43021,37.3118980,-6.8410760,"C/ Rios Esquina Pza. de la Marina, S/N",SANJUANDELPUERTO,HUELVA,SAN JUAN DEL PUERTO
13720,609,ESPAÑA,50002,39.1692820,-3.2326630,"Pla. Estación Ferrocarril, S/N",ALCAZARDESANJUAN,CIUDAD REAL,CINCO CASAS
13200,610,ESPAÑA,50100,39.0058370,-3.3705070,"Paseo Estación Ferrocarril, S/N",MANZANARES,CIUDAD REAL,MANZANARES
13300,611,ESPAÑA,50102,38.7628680,-3.3957200,"Paseo Estación Ferrocarril, S/N",VALDEPENAS,CIUDAD REAL,VALDEPEÑAS
13730,612,ESPAÑA,50200,38.6444280,-3.4514930,"Paseo Castelar, 161",SANTACRUZDEMUDELA,CIUDAD REAL,SANTA CRUZ DE MUDELA
13760,613,ESPAÑA,50202,38.5142670,-3.5019350,"C/ San Antonio, S/N",ALMURADIEL,CIUDAD REAL,ALMURADIEL-VISO DEL MARQUÉS
23220,614,ESPAÑA,50207,38.2157420,-3.5175760,"C/ Estación Ferrocarril, S/N",VILCHES,JAÉN,VILCHES
23490,615,ESPAÑA,50300,38.0688640,-3.5893960,"Pla. de las Palmeras, S/N",LINARES,JAÉN,LINARES-BAEZA
23628,616,ESPAÑA,50400,38.0102470,-3.8327260,"Pla. Estación Ferrocarril, 3",ESPELUY,JAÉN,ESPELÚY
23740,617,ESPAÑA,50403,38.0282250,-4.0660360,"Ctra. Estación Ferrocarril, S/N",ANDUJAR,JAÉN,ANDÚJAR
14640,618,ESPAÑA,50407,37.9813310,-4.2837880,"C/ Prolongacion Estación Ferrocarril, S/N",VILLADELRIO,CÓRDOBA,VILLA DEL RÍO
14610,619,ESPAÑA,50413,37.9223260,-4.6947510,"Ctra. N - Iv - Madrid - Cádiz - Estación Ferrocarril, S/N",CORDOBA,CÓRDOBA,ALCOLEA DE CÓRDOBA
14014,620,ESPAÑA,50417,37.9125600,-4.7208600,"C/ Estación Ferrocarril, S/N",CORDOBA,CÓRDOBA,CAMPUS UNIVERSITARIO DE RABANALES
14011,621,ESPAÑA,50500,37.8882910,-4.7894530,"Glorieta de las Tres Culturas, S/N",CORDOBA,CÓRDOBA,CÓRDOBA-JULIO ANGUITA
14193,622,ESPAÑA,50501,37.8702710,-4.8389420,"C/ Cantero Juan de Ochoa, 4",CORDOBA,CÓRDOBA,EL HIGUERÓN
14710,623,ESPAÑA,50502,37.8475740,-4.9153390,"Pza. Azucarera San Rafael, S/N",CORDOBA,CÓRDOBA,VILLARRUBIA DE CÓRDOBA
14730,624,ESPAÑA,50504,37.8039860,-5.1063250,"Pza. Estación Ferrocarril, S/N",POSADAS,CÓRDOBA,POSADAS
14700,625,ESPAÑA,50506,37.7180810,-5.2927600,"C/ Estación Ferrocarril, S/N",PALMADELRIO,CÓRDOBA,PALMA DEL RÍO
41470,626,ESPAÑA,50507,37.7075020,-5.3416090,"C/ Estación de Ferrocarril, S/N",PENAFLOR,SEVILLA,PEÑAFLOR
41440,627,ESPAÑA,50600,37.6613212,-5.5295514,"Avda. de Portugal, S/N",LORADELRIO,SEVILLA,LORA DEL RÍO
41330,628,ESPAÑA,50700,37.5899718,-5.7261208,"C/ San Pedro, S/N",TOCINA,SEVILLA,LOS ROSALES
41007,629,ESPAÑA,51003,37.3924955,-5.9749269,"Avda. Kansas City, S/N",SEVILLA,SEVILLA,SEVILLA-SANTA JUSTA
41004,630,ESPAÑA,51100,37.3777778,-5.9796142,"C/ Ramón Carande S/N, Sevilla",SEVILLA,SEVILLA,SAN BERNARDO
41701,631,ESPAÑA,51103,37.2872259,-5.9235322,"Pla. del Arenal, S/N",DOSHERMANAS,SEVILLA,DOS HERMANAS
41013,632,ESPAÑA,51110,37.3628091,-5.9760105,"C/ Pintor Luis Rosales, S/N",SEVILLA,SEVILLA,VIRGEN DEL ROCÍO
41703,633,ESPAÑA,51111,37.3215188,-5.9641924,"Avenida de Jerez S/N, Sevilla",SEVILLA,SEVILLA,BELLAVISTA
41710,634,ESPAÑA,51200,37.1848178,-5.7907537,"Avda. Abate Marchena, Nº 11",UTRERA,SEVILLA,UTRERA
41730,635,ESPAÑA,51202,37.0194897,-5.9465800,"Ctra. Se - 9021 --- Estación Ferrocarril, S/N",CABEZASDESANJUANLAS,SEVILLA,LAS CABEZAS DE SAN JUAN
41740,636,ESPAÑA,51203,36.9116378,-6.0948487,"Avda. Vicente Aleixandre, S/N",LEBRIJA,SEVILLA,LEBRIJA
11407,637,ESPAÑA,51205,36.7515886,-6.0659384,"Ctra. N - Iv - Km. 628,5",JEREZDELAFRONTERA,CÁDIZ,AEROPUERTO DE JEREZ
11401,638,ESPAÑA,51300,36.6800220,-6.1266032,"Pla. Estación Ferrocarril, S/N",JEREZDELAFRONTERA,CÁDIZ,JEREZ DE LA FRONTERA
11500,639,ESPAÑA,51400,36.6040723,-6.2179261,Pza. de la Estación S/N.,PUERTODESANTAMARIAEL,CÁDIZ,PUERTO DE SANTA MARÍA
11510,640,ESPAÑA,51401,36.5309155,-6.1853143,"Carretera de Circunvalacion - Calle Tierra S/N, Puerto Real (Cádiz)",PUERTOREAL,CÁDIZ,PUERTO REAL
11012,641,ESPAÑA,51404,36.5135317,-6.2770128,"Avda. Juan Carlos I, S/N..",CADIZ,CÁDIZ,SEGUNDA AGUADA
11006,642,ESPAÑA,51405,36.5289350,-6.2879716,"Pla. Sevilla, S/N.",CADIZ,CÁDIZ,CÁDIZ
11100,643,ESPAÑA,51406,36.4680834,-6.2067676,C/ Ferrocarril S/N.,SANFERNANDO,CÁDIZ,SAN FERNANDO-BAHÍA SUR
11010,644,ESPAÑA,51409,36.5029461,-6.2720644,"Avda. de la Sanidad Pública S/N, Cádiz",CADIZ,CÁDIZ,CÁDIZ-ESTADIO
29540,645,ESPAÑA,54400,37.0370730,-4.7279420,"Pla. de la Estación, S/N",ANTEQUERA,MÁLAGA,BOBADILLA
29552,646,ESPAÑA,54403,36.9073350,-4.7592580,"Ctra. Ma - 5403 --- Estación de Ferrocarril, S/N",ALORA,MÁLAGA,EL CHORRO-CAMINITO DEL REY
29593,647,ESPAÑA,54404,36.8733060,-4.7194330,"Barriada Estación de las Mellizas, S/N",ALORA,MÁLAGA,LAS MELLIZAS
29510,648,ESPAÑA,54405,36.8198747,-4.6996105,"Camino de la Estación, S/N",ALORA,MÁLAGA,ÁLORA
29569,649,ESPAÑA,54406,36.7641515,-4.7118313,"Pza. de la Estación,  S/N.",PIZARRA,MÁLAGA,PIZARRA
29580,650,ESPAÑA,54407,36.7330833,-4.6645001,"Carretera A-7054 - Estacion Ferrocarril, S/N",CARTAMA,MÁLAGA,ALJAIMA
29580,651,ESPAÑA,54408,36.7337392,-4.6083966,"Barriada Garcia Agua, S/N",CARTAMA,MÁLAGA,CÁRTAMA
29196,652,ESPAÑA,54410,36.7050436,-4.5454825,"Camino Antiguo de Cártama S/N, Málaga",MALAGA,MÁLAGA,CAMPANILLAS
29006,653,ESPAÑA,54412,36.6986108,-4.4781500,"Complejo Ferroviario los Prados, S/N",MALAGA,MÁLAGA,MÁLAGA-LOS PRADOS
29002,654,ESPAÑA,54413,36.7113388,-4.4313888,"C/ Explanada de la Estación, S/N",MALAGA,MÁLAGA,MÁLAGA MARÍA ZAMBRANO
29003,655,ESPAÑA,54501,36.7012229,-4.4544145,"Platero Francisco Vazquez, S/N.",MALAGA,MÁLAGA,VICTORIA KENT
29002,656,ESPAÑA,54517,36.7159539,-4.4265335,"Avda. de la Aurora, S/N",MALAGA,MÁLAGA,MÁLAGA-CENTRO ALAMEDA
29320,657,ESPAÑA,55001,37.0322310,-4.8634990,"Ctra. Estación Ferrocarril, S/N",CAMPILLOS,MÁLAGA,CAMPILLOS
29330,658,ESPAÑA,55003,37.0009850,-5.0201110,"C/ Cortina Estación, 1b",ALMARGEN,MÁLAGA,ALMARGEN-CAÑETE LA REAL
11692,659,ESPAÑA,55005,36.8634230,-5.1213750,"Ctra. Ca-414 - Estación de Ferrocarril, S/N",SETENILDELASBODEGAS,CÁDIZ,SETENIL
29400,660,ESPAÑA,55007,36.7484010,-5.1619700,"Avda. de Andalucia, 31",RONDA,MÁLAGA,RONDA
29350,661,ESPAÑA,55008,36.7905949,-5.1407570,"Ctra. Ma -7400 - Estación Ferrocarril, S/N",ARRIATE,MÁLAGA,ARRIATE
29370,662,ESPAÑA,55010,36.7137530,-5.2463660,"Ctra. Estación Benaojan, S/N",BENAOJAN,MÁLAGA,BENAOJÁN-MONTEJAQUE
29392,663,ESPAÑA,55011,36.6606780,-5.2814730,"Avda. la Barca --- C/ Fuente Grande, S/N",JIMERADELIBAR,MÁLAGA,JIMERA DE LÍBAR
29391,664,ESPAÑA,55012,36.5973640,-5.3327840,"Avda. Llano de la Estación, S/N",CORTESDELAFRONTERA,MÁLAGA,CORTES DE LA FRONTERA
29490,665,ESPAÑA,55013,36.5403720,-5.3868250,"Ctra. Ma - 512 --- Estación Ferrocarril, S/N",CORTESDELAFRONTERA,MÁLAGA,GAUCÍN
11320,666,ESPAÑA,55014,36.4679520,-5.4189210,"Ctra. A-405 - Estación Ferracarril, S/N",JIMENADELAFRONTERA,CÁDIZ,SAN PABLO
11339,667,ESPAÑA,55015,36.4242000,-5.4341130,"C/ Juan de Dios, 15",JIMENADELAFRONTERA,CÁDIZ,JIMENA DE LA FRONTERA
11350,668,ESPAÑA,55017,36.2775100,-5.4305290,"Ctra. A- 405 - Estación Ferrocarril, S/N",CASTELLARDELAFRONTERA,CÁDIZ,ALMORAIMA
11368,669,ESPAÑA,55018,36.2144820,-5.4323990,"Avda. Guadarranque, 34",SANROQUE,CÁDIZ,SAN ROQUE-LA LÍNEA
11370,670,ESPAÑA,55019,36.1739980,-5.4608010,"Ctra. Jerez - Algeciras - Estación Ferrocarril, 1",BARRIOSLOS,CÁDIZ,LOS BARRIOS
11207,671,ESPAÑA,55020,36.1268310,-5.4511080,"Avda. Gesto Por la Paz, S/N",ALGECIRAS,CÁDIZ,ALGECIRAS
23400,672,ESPAÑA,56004,37.9133430,-3.3489200,"Ctra. A - 401 --- Estación de Ferrocarril, S/N",JODAR,JAÉN,JÓDAR-ÚBEDA
23590,673,ESPAÑA,56009,37.6567129,-3.2626230,"Ctra. Jv - 3212 --- Estación Ferrocarril, S/N",CABRADELSANTOCRISTO,JAÉN,CABRA DEL SANTO CRISTO Y ALICÚN
18540,674,ESPAÑA,56100,37.4312160,-3.3105160,"Ctra. Gr-4101 - Estación de Ferrocarril, 26",MORELABOR,GRANADA,MOREDA
18510,675,ESPAÑA,56103,37.3452770,-3.1631770,"Avda. Llano de la Estación, S/N",BENALUA,GRANADA,BENALÚA DE GUADIX
18500,676,ESPAÑA,56200,37.3168730,-3.1272090,"Avda. Estación Ferrocarril, S/N",GUADIX,GRANADA,GUADIX
4500,677,ESPAÑA,56301,37.1846470,-2.8397570,"Ctra. Al - 6401 --- Diseminado Cortijo Faz,s/n",FINANA,ALMERÍA,FIÑANA
4458,678,ESPAÑA,56305,37.1088470,-2.5915560,"Ctra. Al - 3410 --- Estación Ferrocarril, S/N",GERGAL,ALMERÍA,GÉRGAL
4560,679,ESPAÑA,56308,36.9516240,-2.4876580,"Ctra. Al - 3411 --- C/ Retiro, S/N",GADOR,ALMERÍA,GÁDOR
4230,680,ESPAÑA,56310,36.8851550,-2.4367180,Estación Ffcc - C/ Real S/N - 04230 Huercal de Almeríao (Almería),HUERCALDEALMERIA,ALMERÍA,HUERCAL-VIATOR
4006,681,ESPAÑA,56312,36.8349510,-2.4555190,"Pla. Estación Ferrocarril, S/N",ALMERIA,ALMERÍA,ALMERÍA
18550,682,ESPAÑA,57003,37.3958520,-3.5279470,"C/ Explanada Estación Ferrocarril, S/N",IZNALLOZ,GRANADA,IZNALLOZ
28045,683,ESPAÑA,60000,40.4064420,-3.6908860,"Glorieta Emperador Carlos V, S/N",MADRID,MADRID,MADRID-PUERTA DE ATOCHA-ALMUDENA GRANDES
28300,684,ESPAÑA,60200,40.0350257,-3.6182534,"Pla. de la Estación, 1",ARANJUEZ,MADRID,ARANJUEZ
28300,685,ESPAÑA,60202,39.9496340,-3.7387740,"Ctra. M - 416 --- Añover-Yepes --- Estación Ferrocarril, S/N",ARANJUEZ,MADRID,CASTILLEJO-AÑOVER
45740,686,ESPAÑA,60203,39.8795350,-3.7284530,"Paseo Estación Ferrocarril, S/N",VILLASEQUILLA,TOLEDO,VILLASEQUILLA
45770,687,ESPAÑA,60206,39.7229580,-3.4973540,"C/ Camino de la Celadilla, S/N",TEMBLEQUE,TOLEDO,TEMBLEQUE
45770,688,ESPAÑA,60207,39.6945160,-3.4305020,"Pla. Esquina del Cristino, S/N",ROMERALEL,TOLEDO,EL ROMERAL
45860,689,ESPAÑA,60300,39.6226980,-3.3305100,"Paseo Estación Ferrocarril, S/N",VILLACANAS,TOLEDO,VILLACAÑAS
45790,690,ESPAÑA,60301,39.5041730,-3.2660720,"Ctra. Estación Ferrocarril, S/N",QUERO,TOLEDO,QUERO
13600,691,ESPAÑA,60400,39.3956280,-3.2057440,"C/ Alvarez Guerra, S/N",ALCAZARDESANJUAN,CIUDAD REAL,ALCÁZAR DE SAN JUAN
13610,692,ESPAÑA,60402,39.3943430,-3.1177460,"Avda. Agustin de la Fuente, 49",CAMPODECRIPTANA,CIUDAD REAL,CAMPO DE CRIPTANA
13630,693,ESPAÑA,60406,39.2787760,-2.7755710,"C/ Estación Ferrocarril, S/N",SOCUELLAMOS,CIUDAD REAL,SOCUÉLLAMOS
2600,694,ESPAÑA,60500,39.2608680,-2.5986210,"C/ Juan Ferreira, S/N",VILLARROBLEDO,ALBACETE,VILLARROBLEDO
2620,695,ESPAÑA,60503,39.2407380,-2.3484030,"C/ Estación Ferrocarril, S/N",MINAYA,ALBACETE,MINAYA
2630,696,ESPAÑA,60505,39.1995940,-2.1625470,"Pla. Estación Ferracarril, S/N",RODALA,ALBACETE,LA RODA DE ALBACETE
2110,697,ESPAÑA,60507,39.1116650,-2.0001550,"C/ Santa Ana, S/N",GINETALA,ALBACETE,LA GINETA
2001,698,ESPAÑA,60600,38.9993840,-1.8484500,"C/ Federico García Lorca, 1",ALBACETE,ALBACETE,ALBACETE-LOS LLANOS
2640,699,ESPAÑA,60800,38.8678220,-1.1054460,"Pla. Primero de Mayo, 1",ALMANSA,ALBACETE,ALMANSA
3408,700,ESPAÑA,60900,38.7653440,-0.9542440,"Avda. Constitucion, 1",VILLENA,ALICANTE/ALACANT,LA ENCINA
2660,701,ESPAÑA,60901,38.7161630,-0.9597270,"Ctra. Cv - 656 --- Estación Ferrocarril, S/N",CAUDETE,ALBACETE,CAUDETE
3400,702,ESPAÑA,60902,38.6317380,-0.8676890,"Ronda de la Estación, S/N",VILLENA,ALICANTE/ALACANT,VILLENA
3630,703,ESPAÑA,60904,38.5442510,-0.8137290,"Luis Barcelo Santoja, 25",SAX,ALICANTE/ALACANT,SAX
3600,704,ESPAÑA,60905,38.4848790,-0.8010900,"C/ Galicia, S/N",ELDA,ALICANTE/ALACANT,ELDA-PETRER
3660,705,ESPAÑA,60907,38.4070860,-0.7777440,"C/ Rafael Altamira, S/N",NOVELDA,ALICANTE/ALACANT,NOVELDA-ASPE
3005,706,ESPAÑA,60911,38.3447127,-0.4955241,"Avda. Salamanca, 1",ALICANTEALACANT,ALICANTE/ALACANT,ALICANTE/ALACANT-TERMINAL
3690,707,ESPAÑA,60913,38.3946533,-0.5287247,"Vial del Terraplen, S/N",SANVICENTEDELRASPEIGSANTVICENTDELRASPEIG,ALICANTE/ALACANT,SANT VICENT CENTRE
3690,708,ESPAÑA,60914,38.3841650,-0.5284110,Ctra. San Vicente Raspeig S/Nº,ALICANTEALACANT,ALICANTE/ALACANT,UNIVERSIDAD DE ALICANTE
2400,709,ESPAÑA,61005,38.5087760,-1.6884370,"Paseo Yutera del Carmen, S/N",HELLIN,ALBACETE,HELLÍN
30530,710,ESPAÑA,61012,38.2466090,-1.4217020,"C/ Estación Ferrocarril, 34",CIEZA,MURCIA,CIEZA
30627,711,ESPAÑA,61015,38.1313200,-1.2360370,"C/ Estación Ferrocarril, S/N",MOLINADESEGURA,MURCIA,ARCHENA-FORTUNA
30002,712,ESPAÑA,61200,37.9748243,-1.1315080,"Pza. de la Industria, S/N",MURCIA,MURCIA,MURCIA DEL CARMEN
30591,713,ESPAÑA,61303,37.8188400,-0.9508910,"C/ Mar Menor, S/N",TORREPACHECO,MURCIA,BALSICAS-MAR MENOR
30700,714,ESPAÑA,61304,37.7469050,-0.9670780,"Avda. Estación Ferrocarril, S/N",TORREPACHECO,MURCIA,TORRE-PACHECO
30203,715,ESPAÑA,61307,37.6049670,-0.9751220,"Pla. de Mejico, 2",CARTAGENA,MURCIA,CARTAGENA
30130,716,ESPAÑA,62001,38.0448608,-0.9994759,"Camino de la Estación 15, Beniel (Murcia)",BENIEL,MURCIA,BENIEL
3300,717,ESPAÑA,62002,38.0779321,-0.9446060,"Avda Teodomiro, 68",ORIHUELA,ALICANTE/ALACANT,ORIHUELA-MIGUEL HERNÁNDEZ
3360,718,ESPAÑA,62003,38.1227686,-0.8745747,"Paseo Estación del Ferrocarril, S/N",CALLOSADESEGURA,ALICANTE/ALACANT,CALLOSA DE SEGURA
3349,719,ESPAÑA,62100,38.1670209,-0.8380854,"Camino de la Estación, 16",SANISIDRO,ALICANTE/ALACANT,SAN ISIDRO-ALBATERA-CATRAL
3330,720,ESPAÑA,62101,38.2245622,-0.7815283,"Barrio Estación, S/N",CREVILLENT,ALICANTE/ALACANT,CREVILLENTE
3201,721,ESPAÑA,62102,38.2689783,-0.7063992,"Avda. de la Libertad, S/N",ELCHEELX,ALICANTE/ALACANT,ELCHE/ELX-CARRÚS
3202,722,ESPAÑA,62103,38.2717809,-0.6952193,"Avda. del Ferrocarril Este, 10",ELCHEELX,ALICANTE/ALACANT,ELCHE/ELX-PARC
3320,723,ESPAÑA,62104,38.2896365,-0.5824572,"C/ Casa Campo Torrellano Alto P3,82",ELCHEELX,ALICANTE/ALACANT,TORRELLANO
3005,724,ESPAÑA,62109,38.3290647,-0.5086866,Avda. de Elche S/N,ALICANTEALACANT,ALICANTE/ALACANT,SANT GABRIEL
46660,725,ESPAÑA,64007,39.0500727,-0.4776036,"C/ Buenavista, S/N",MANUEL,VALENCIA/VALÈNCIA,LENOVA-MANUEL
46800,726,ESPAÑA,64100,38.9921480,-0.5245402,Estación FF.CC. S/N,XATIVA,VALENCIA/VALÈNCIA,XÀTIVA
46670,727,ESPAÑA,64102,39.0833385,-0.4696592,"Barrio de la Estación, S/N",POBLALLARGALA,VALENCIA/VALÈNCIA,LA POBLA LLARGA
46740,728,ESPAÑA,64103,39.1205251,-0.4544102,"Glorieta de la Estación, S/N",CARCAIXENT,VALENCIA/VALÈNCIA,CARCAIXENT
46600,729,ESPAÑA,64104,39.1531495,-0.4506011,"C/ Estación Ferrocarril, S/N",ALZIRA,VALENCIA/VALÈNCIA,ALZIRA
46680,730,ESPAÑA,64105,39.1931484,-0.4409196,"C / Estación Ferrocarril, S/N",ALGEMESI,VALENCIA/VALÈNCIA,ALGEMESÍ
46450,731,ESPAÑA,64107,39.2843027,-0.4299537,"Pla. de la Estación, S/N",BENIFAIO,VALENCIA/VALÈNCIA,BENIFAIÓ
46460,732,ESPAÑA,64200,39.3619548,-0.4149813,Estación FF.CC. S/N,SILLA,VALENCIA/VALÈNCIA,SILLA
46470,733,ESPAÑA,64201,39.4000447,-0.3992195,Ronda del Este S/N,CATARROJA,VALENCIA/VALÈNCIA,CATARROJA
46470,734,ESPAÑA,64202,39.4091934,-0.3953073,Garcia Lorca S/N,MASSANASSA,VALENCIA/VALÈNCIA,MASSANASSA
46910,735,ESPAÑA,64203,39.4224232,-0.3926050,"C/ Estación Ferrocarril, S/N",ALFAFAR,VALENCIA/VALÈNCIA,ALFAFAR-BENETÚSSER
46007,736,ESPAÑA,65000,39.4669305,-0.3772239,"C/ Xativa, 24",VALENCIA,VALENCIA/VALÈNCIA,VALÈNCIA-ESTACIÓ DEL NORD
46550,737,ESPAÑA,65001,39.5262094,-0.3238405,C/ San Isidro S/N,MELIANA,VALENCIA/VALÈNCIA,ROCA-CÚPER
46026,738,ESPAÑA,65002,39.4416052,-0.3714220,"Camino del Molino de las Fuentes S/N, Valencia",VALENCIA,VALENCIA/VALÈNCIA,VALÈNCIA-LA FONT DE SANT LLUÍS
46022,739,ESPAÑA,65003,39.4702456,-0.3346772,"Avda. Blasco Ibañez, S/N",VALENCIA,VALENCIA/VALÈNCIA,VALÈNCIA-CABANYAL
46550,740,ESPAÑA,65005,39.5435233,-0.3205526,"Avda Virgen de Albuixech, 23",ALBUIXECH,VALENCIA/VALÈNCIA,ALBUIXECH
46560,741,ESPAÑA,65006,39.5557532,-0.3183058,Estación FF.CC. S/N,MASSALFASSAR,VALENCIA/VALÈNCIA,MASSALFASSAR
46540,742,ESPAÑA,65007,39.5883020,-0.3116645,"Camino de la Estación, S/N",PUIGDESANTAMARIAEL,VALENCIA/VALÈNCIA,EL PUIG
46530,743,ESPAÑA,65008,39.6205367,-0.3031085,"Carrer Felipe Sebastian S/N, Puçol (Valencia)",PUCOL,VALENCIA/VALÈNCIA,PUÇOL
46500,744,ESPAÑA,65200,39.6758025,-0.2715420,Estación FF.CC. S/N,SAGUNTOSAGUNT,VALENCIA/VALÈNCIA,SAGUNT
46500,745,ESPAÑA,65201,39.7193457,-0.2397602,"Cami Vell D' Almenara, S/N",SAGUNTOSAGUNT,VALENCIA/VALÈNCIA,LES VALLS
12590,746,ESPAÑA,65202,39.7487737,-0.2183811,"C/ Estación de Ferrocarril, S/N",ALMENARA,CASTELLÓN/CASTELLÓ,ALMENARA
12591,747,ESPAÑA,65203,39.7678109,-0.2029444,"C/ de la Acequia, S/N",LLOSALA,CASTELLÓN/CASTELLÓ,LA LLOSA
12592,748,ESPAÑA,65204,39.7826726,-0.1903295,"Pza. Jardin, S/N",CHILCHESXILXES,CASTELLÓN/CASTELLÓ,CHILCHES/XILXES
12593,749,ESPAÑA,65205,39.8208891,-0.1626965,"C/ Estación de Ferrocarril, S/N",NULES,CASTELLÓN/CASTELLÓ,MONCOFA
12520,750,ESPAÑA,65206,39.8532354,-0.1527317,Ramon Lluch S/N,NULES,CASTELLÓN/CASTELLÓ,NULES LA VILLAVELLA
12530,751,ESPAÑA,65207,39.8965088,-0.1038601,"C/ Estación Ferrocarril, S/N",BORRIANABURRIANA,CASTELLÓN/CASTELLÓ,BURRIANA-ALQUERÍAS NIÑO PERDIDO
12540,752,ESPAÑA,65208,39.9330935,-0.0967681,Avda de Francia 14  16,VILAREAL,CASTELLÓN/CASTELLÓ,VILA-REAL
12550,753,ESPAÑA,65209,39.9549079,-0.0767713,"Ctra. de la Estación, S/N",ALMAZORAALMASSORA,CASTELLÓN/CASTELLÓ,ALMASSORA
12006,754,ESPAÑA,65300,39.9884736,-0.0523456,"C/pintor Oliet, S/N",CASTELLONDELAPLANACASTELLODELAPLANA,CASTELLÓN/CASTELLÓ,CASTELLÓ DE LA PLANA
12594,755,ESPAÑA,65304,40.0922580,0.13986100,"Pl. L'Estacio Ferrocarril, S/N",OROPESADELMARORPESA,CASTELLÓN/CASTELLÓ,ORPESA
12596,756,ESPAÑA,65306,40.2122110,0.19877900,"C/ de L'Estacio, 47",TORREBLANCA,CASTELLÓN/CASTELLÓ,TORREBLANCA
12570,757,ESPAÑA,65308,40.3046900,0.22871700,"Passeig Herois del Marroc, S/N",ALCALADEXIVERT,CASTELLÓN/CASTELLÓ,ALCALÁ DE CHIVERT
12580,758,ESPAÑA,65311,40.4276390,0.41521700,"Pla. Estación Ferrocarril, S/N",BENICARLO,CASTELLÓN/CASTELLÓ,BENICARLÓ-PEÑÍSCOLA
12500,759,ESPAÑA,65312,40.4716820,0.45572700,"Pza. Estación Ferrocarril, S/N",VINAROS,CASTELLÓN/CASTELLÓ,VINARÒS
43550,760,ESPAÑA,65314,40.5959267,0.44927448,"Passeig de L'Estació, S/N",ULLDECONA,TARRAGONA,ULLDECONA-ALCANAR-LA SÉNIA
12560,761,ESPAÑA,65318,40.0579451,0.05776460,"Pza. de la Estación S/N, Benicàssim (Castelló)",BENICASIMBENICASSIM,CASTELLÓN/CASTELLÓ,BENICÀSSIM
43500,762,ESPAÑA,65400,40.8073330,0.52301360,"C/ Poeta Vicente I Garcia, 6 - 12",TORTOSA,TARRAGONA,TORTOSA
43897,763,ESPAÑA,65401,40.7591556,0.55584433,"C/ Estació Ferrocarril, S/N",TORTOSA,TARRAGONA,CAMP-REDÓ
43896,764,ESPAÑA,65402,40.7535640,0.61430923,"C/ Arrabal de Ramon, S/N",ALDEAL,TARRAGONA,L'ALDEA-AMPOSTA-TORTOSA
43894,765,ESPAÑA,65403,40.7747633,0.67176095,"C/ Estación Ferrocarril, S/N",CAMARLES,TARRAGONA,CAMARLES-DELTEBRE
43895,766,ESPAÑA,65404,40.8119898,0.70826336,"Pl. Francesc Macià, S/N",AMPOLLAL,TARRAGONA,L'AMPOLLA-EL PERELLÓ-DELTEBRE
43860,767,ESPAÑA,65405,40.8862000,0.80045321,"C/ Goya, S/N",AMETLLADEMARL,TARRAGONA,L'AMETLLA DE MAR
43840,768,ESPAÑA,65411,41.0884798,1.14605195,"Avenida del 30 Doctubre, S/N",SALOU,TARRAGONA,SALOU-PORT AVENTURA
43891,769,ESPAÑA,65420,40.9993900,0.91253887,"Pl. de L'Estació, S/N",VANDELLOSILHOSPITALETDELINFANT,TARRAGONA,L'HOSPITALET DE L'INFANT
43850,770,ESPAÑA,65422,41.0815642,1.04603752,"Av. de Charles Robert Darwin, S/N",CAMBRILS,TARRAGONA,CAMBRILS
50430,771,ESPAÑA,67004,41.5397590,-0.9980820,"C/ Estación Ferrocarril, S/N",MARIADEHUERVA,ZARAGOZA,MARÍA DE HUERVA
50450,772,ESPAÑA,67007,41.4689460,-1.0863940,"C/ Escalera Arañales, 8",MUEL,ZARAGOZA,ARAÑALES DE MUEL
50460,773,ESPAÑA,67009,41.4047870,-1.1587910,"C/ Camino Estación Ferrocarril, S/N",LONGARES,ZARAGOZA,LONGARES
50400,774,ESPAÑA,67010,41.3355860,-1.2284220,"Camino Estación Ferrocarril, 1",CARINENA,ZARAGOZA,CARIÑENA
50470,775,ESPAÑA,67011,41.2886500,-1.2785340,"C/ Estación Ferrocarril, 9",ENCINACORBA,ZARAGOZA,ENCINACORBA
50490,776,ESPAÑA,67013,41.1964980,-1.2870960,"C/ Camino de la Estación, S/N",VILLARREALDEHUERVA,ZARAGOZA,VILLARREAL DE HUERVA
50490,777,ESPAÑA,67014,41.1654820,-1.2793390,"Ctra. A-2509 - Estación Ferrocarril, S/N",VILLADOZ,ZARAGOZA,VILLADOZ
50491,778,ESPAÑA,67015,41.1395100,-1.2515720,"Ctra. A - 1506 --- C/ Mayor, S/N",BADULES,ZARAGOZA,BADULES
44494,779,ESPAÑA,67016,41.1084920,-1.2398030,"Ctra. Te-17 - Estación Ferrocarril, S/N",VILLAHERMOSADELCAMPO,TERUEL,VILLAHERMOSA
44490,780,ESPAÑA,67017,41.0638700,-1.2393840,"Ctra. A - 2510 --- Estación de Ferrocarril, S/N",FERRERUELADEHUERVA,TERUEL,FERRERUELA
44495,781,ESPAÑA,67018,41.0092930,-1.2546410,"Ctra. Te - 19 --- Estación Ferrocarril, S/N",CALAMOCHA,TERUEL,CUENCABUENA
44495,782,ESPAÑA,67019,40.9576810,-1.2690870,"Autovia Mudejar A- 23 --- Estación Ferrocarril, S/N",CALAMOCHA,TERUEL,LECHAGO
44496,783,ESPAÑA,67020,40.9367210,-1.2617330,"Ctra. A-2512 - Estación Ferrocarril, S/N",CALAMOCHA,TERUEL,NAVARRETE
44200,784,ESPAÑA,67021,40.9038640,-1.2998410,"Ctra. N - 234 --- Estación Ferrocarril, S/N",CALAMOCHA,TERUEL,CALAMOCHA
44350,785,ESPAÑA,67100,40.8511100,-1.3376500,"Ctra. Cv - 4301 --- Estación Ferrocarril, S/N",CAMINREAL,TERUEL,CAMINREAL-FUENTES CLARAS
44393,786,ESPAÑA,67101,40.8260120,-1.3404980,"C/ Alemania, S/N",TORRIJODELCAMPO,TERUEL,TORRIJO DEL CAMPO
44394,787,ESPAÑA,67103,40.6838270,-1.3579270,"Ctra. Te-V-9024 - Estación Ferrocarril, S/N",VILLAFRANCADELCAMPO,TERUEL,VILLAFRANCA DEL CAMPO
44360,788,ESPAÑA,67105,40.5729170,-1.3129950,"Barrio Estación Ferrocarril, 8",SANTAEULALIA,TERUEL,SANTA EULALIA DEL CAMPO
44370,789,ESPAÑA,67107,40.4552660,-1.2443290,"C/ Estación Ferrocarril, S/N",CELLA,TERUEL,CELLA
44300,790,ESPAÑA,67113,40.7823210,-1.3607920,"C/ Teruel, S/N",MONREALDELCAMPO,TERUEL,MONREAL DEL CAMPO
44001,791,ESPAÑA,67200,40.3410290,-1.1102840,"C/ Camino de la Estación, S/N",TERUEL,TERUEL,TERUEL
44450,792,ESPAÑA,67203,40.2134240,-0.9446740,"Ctra. Te-620 - Camino Estación Ferrocarril, S/N",PUEBLADEVALVERDELA,TERUEL,PUEBLA DE VALVERDE
44460,793,ESPAÑA,67205,40.1463390,-0.8236310,"C/ Camino de la Estación, S/N",SARRION,TERUEL,SARRIÓN
44477,794,ESPAÑA,67206,40.1231420,-0.7861450,"C/ Estación Ferrocarril Mora, 1",ALBENTOSA,TERUEL,MORA DE RUBIELOS
44477,795,ESPAÑA,67207,40.1180060,-0.7734630,"Ctra. Te-V-6005 - Estación Ferrocarril, S/N",RUBIELOSDEMORA,TERUEL,RUBIELOS DE MORA
12420,796,ESPAÑA,67208,40.0117400,-0.6961510,"Avda. Estación Ferrocarril, 9",BARRACAS,CASTELLÓN/CASTELLÓ,BARRACAS
12400,797,ESPAÑA,67215,39.8471755,-0.4823544,Explanada de la Estación 2,SEGORBE,CASTELLÓN/CASTELLÓ,SEGORBE-CIUDAD
46894,798,ESPAÑA,69001,38.9877300,-0.4798800,"C/ Estación Ferrocarril, S/N",GENOVES,VALENCIA/VALÈNCIA,GENOVÉS
46830,799,ESPAÑA,69002,38.9384990,-0.4534240,"Avda. Balneari de Bellus, S/N",BENIGANIM,VALENCIA/VALÈNCIA,BENIGÀNIM
46840,800,ESPAÑA,69003,38.9076060,-0.4533860,"C/ Estación Ferrocarril, S/N",POBLADELDUCLA,VALENCIA/VALÈNCIA,LA POBLA DEL DUC
46892,801,ESPAÑA,69004,38.8841350,-0.4916190,"Avda. Estación Ferrocarril, 20",MONTAVERNER,VALENCIA/VALÈNCIA,MONTABERNER
46891,802,ESPAÑA,69005,38.8674050,-0.5104780,"C/ Estación Ferrocarril, S/N",BUFALI,VALENCIA/VALÈNCIA,BUFALÍ
46860,803,ESPAÑA,69006,38.8456450,-0.5181290,"Acceso A Través de la Rotonda Cv-60, Av. Fora-Fora y Av. de la Fira, S/N",ALBAIDA,VALENCIA/VALÈNCIA,ALBAIDA
46890,804,ESPAÑA,69007,38.8305690,-0.5511830,"C/ Estación Ferrocarril, S/N",AGULLENT,VALENCIA/VALÈNCIA,AGULLENT
46870,805,ESPAÑA,69008,38.8096920,-0.6024570,"Ctra. Cv-6620 - Poligono Urbano, 2",ONTINYENT,VALENCIA/VALÈNCIA,ONTINYENT
3837,806,ESPAÑA,69009,38.7968290,-0.5217440,"C/ Estación Ferrocarril, S/N",AGRES,ALICANTE/ALACANT,AGRES
3820,807,ESPAÑA,69010,38.7406180,-0.4467890,"C/ Pujada A Santa Barbara, 29",COCENTAINA,ALICANTE/ALACANT,COCENTAINA
3804,808,ESPAÑA,69011,38.7093490,-0.4702470,"Avda. Tirant Lo Blanc, 8",ALCOYALCOI,ALICANTE/ALACANT,ALCOI
28018,809,ESPAÑA,70002,40.3818618,-3.6680454,"C/ Puerto de Balbaran, 46 --- Avda. de Entrevias, 105",MADRID,MADRID,ASAMBLEA DE MADRID-ENTREVÍAS
28031,810,ESPAÑA,70003,40.3760377,-3.6561407,"Avda. de Entrevias, S/N --- C/ Puerto de Balbaran, S/N",MADRID,MADRID,EL POZO
28031,811,ESPAÑA,70005,40.3823640,-3.6230420,C/ Sierra de Guadalupe S/N,MADRID,MADRID,VALLECAS
28052,812,ESPAÑA,70100,40.4012524,-3.5958970,C/ San Cipriano S/N /c/ Lago Michigan S/N,MADRID,MADRID,VICÁLVARO
28830,813,ESPAÑA,70101,40.4427805,-3.5339866,"Avda. San Pablo, 2",COSLADA,MADRID,SAN FERNANDO DE HENARES
28850,814,ESPAÑA,70102,40.4547895,-3.4797300,Paseo de la Estación S/N,TORREJONDEARDOZ,MADRID,TORREJÓN DE ARDOZ
28807,815,ESPAÑA,70103,40.4890814,-3.3662457,"Pla. de la Estación, S/N",ALCALADEHENARES,MADRID,ALCALÁ DE HENARES
28880,816,ESPAÑA,70104,40.5346731,-3.2986806,"Carretera Estacion Ferrocarril S/N, Meco (Madrid)",MECO,MADRID,MECO
19200,817,ESPAÑA,70105,40.5610770,-3.2653970,"Paseo de la Estación, S/N",AZUQUECADEHENARES,GUADALAJARA,AZUQUECA
28807,818,ESPAÑA,70107,40.5054303,-3.3353258,"Ctra. del Campus, S/N",ALCALADEHENARES,MADRID,ALCALÁ DE HENARES-UNIVERSIDAD
21820,819,ESPAÑA,70108,40.4232370,-3.5611109,"Calle del Doctor Fleming S/N, Coslada (Madrid)",COSLADA,MADRID,COSLADA
28031,820,ESPAÑA,70109,40.3869545,-3.6089855,Avda. de Santa Eugenia S/N,MADRID,MADRID,SANTA EUGENIA
28806,821,ESPAÑA,70111,40.4805448,-3.3930055,"C/ Fausto Elhuyar, S/N --- C/arturo Soria, S/N",ALCALADEHENARES,MADRID,LA GARENA
28850,822,ESPAÑA,70112,40.4639640,-3.4414076,"C/ Jorge Oteiza, S/N",YUNQUERADEHENARES,MADRID,SOTO DEL HENARES
19004,823,ESPAÑA,70200,40.6441928,-3.1822602,"C/ Francisco Aritio, S/N",GUADALAJARA,GUADALAJARA,GUADALAJARA
19210,824,ESPAÑA,70202,40.7470130,-3.1632260,"Paseo Estación Ferrocarril, S/N",YUNQUERADEHENARES,GUADALAJARA,YUNQUERA DE HENARES
19229,825,ESPAÑA,70204,40.8312730,-3.1388600,"Paseo Estación Ferrocarril, S/N",HUMANES,GUADALAJARA,HUMANES DE MOHERNANDO
19292,826,ESPAÑA,70207,40.9096860,-3.0731570,"Paseo Estación Ferrocarril, S/N",COPERNAL,GUADALAJARA,ESPINOSA DE HENARES
19247,827,ESPAÑA,70208,40.9059800,-3.0143520,"Paseo El Apeadero, S/N",ESPINOSADEHENARES,GUADALAJARA,CARRASCOSA DE HENARES
19240,828,ESPAÑA,70209,40.9302290,-2.9359350,"Ctra. Estación Ferrocarril, S/N",JADRAQUE,GUADALAJARA,JADRAQUE
19294,829,ESPAÑA,70210,40.9538080,-2.8432600,"Ctra. de Cendejas, Estación del Ferrocarril, Matillas (Guadalajara)",MATILLAS,GUADALAJARA,MATILLAS
19295,830,ESPAÑA,70300,41.0048640,-2.7856350,"C/ Estación Ferrocarril, S/N",BAIDES,GUADALAJARA,BAIDES
19250,831,ESPAÑA,70302,41.0714170,-2.6464070,"C/ Alfonso Vi, S/N",SIGUENZA,GUADALAJARA,SIGÜENZA
42230,832,ESPAÑA,70400,41.1366170,-2.4929520,"Barrio Estación Ferrocarril, S/N",MEDINACELI,SORIA,TORRALBA
42240,833,ESPAÑA,70401,41.1652070,-2.4212410,"Pza. Estación Ferrocarril, S/N",MEDINACELI,SORIA,MEDINACELI
42250,834,ESPAÑA,70403,41.2158540,-2.2789980,"Pla. Estación Ferrocarril, S/N",ARCOSDEJALON,SORIA,ARCOS DE JALÓN
42260,835,ESPAÑA,70404,41.2644210,-2.1775250,"C/ Estación Ferrocarril, S/N",SANTAMARIADEHUERTA,SORIA,SANTA MARÍA DE HUERTA
50291,836,ESPAÑA,70405,41.2987670,-2.1104480,"Ctra. Cv-937 - Estación Ferrocarril, S/N",MONREALDEARIZA,ZARAGOZA,MONREAL DE ARIZA
50220,837,ESPAÑA,70500,41.3098000,-2.0594110,"C/ Estación Ferrocarril, S/N",ARIZA,ZARAGOZA,ARIZA
50292,838,ESPAÑA,70501,41.2959780,-1.9618110,"C/ Pallares, S/N",CETINA,ZARAGOZA,CETINA
50230,839,ESPAÑA,70502,41.2943980,-1.9044540,"Ctra. Estación Ferrocarril, S/N",ALHAMADEARAGON,ZARAGOZA,ALHAMA DE ARAGÓN
50239,840,ESPAÑA,70503,41.3171900,-1.8551980,"Ctra. N - Ii --- Estación Ferrocarril, S/N",BUBIERCA,ZARAGOZA,BUBIERCA
50200,841,ESPAÑA,70504,41.3246590,-1.7852680,"Av. San Blas, S/N",ATECA,ZARAGOZA,ATECA
50293,842,ESPAÑA,70505,41.3222180,-1.7092540,"C/ Estación Ferrocarril, S/N",TERRER,ZARAGOZA,TERRER
50300,843,ESPAÑA,70600,41.3466920,-1.6386800,"Pl. Estación Ferrocarril, S/N",CALATAYUD,ZARAGOZA,CALATAYUD
50336,844,ESPAÑA,70602,41.4216760,-1.5921270,"Ctra. Cv - 901 --- Estación Ferrocarril, S/N",CALATAYUD,ZARAGOZA,EMBID DE JALÓN
50299,845,ESPAÑA,70603,41.4293100,-1.5674830,"Ctra. Cv-901 - Estación Ferrocarril, S/N",PARACUELLOSDELARIBERA,ZARAGOZA,PARACUELLOS-SABIÑÁN
50299,846,ESPAÑA,70604,41.4439810,-1.5714740,"Ctra. Cv-901 - Estación Ferrocarril, S/N",SABINAN,ZARAGOZA,SABIÑÁN
50240,847,ESPAÑA,70605,41.4786670,-1.5662380,"Paseo Estación Ferrocarril, S/N",MORES,ZARAGOZA,MORÉS
50247,848,ESPAÑA,70606,41.4772360,-1.5404460,"Ctra. Zp-1129 - Estación Ferrocarril, S/N",MORES,ZARAGOZA,PURROY
50260,849,ESPAÑA,70607,41.4754670,-1.4797210,"C/ Estación Ferrocarril, S/N",MORATADEJALON,ZARAGOZA,MORATA DE JALÓN
50270,850,ESPAÑA,70700,41.5013940,-1.4034500,"Avda. Goya, S/N",RICLA,ZARAGOZA,RICLA-LA ALMUNIA
50280,851,ESPAÑA,70701,41.5286920,-1.3605450,"Av. Doctor Carnicero, S/N ",CALATORAO,ZARAGOZA,CALATORAO
50294,852,ESPAÑA,70702,41.5679400,-1.3258480,"Av. Estación Ferrocarril, S/N",SALILLASDEJALON,ZARAGOZA,SALILLAS DE JALÓN
50290,853,ESPAÑA,70703,41.6093300,-1.3010430,"C/ Camino Estación Ferrocarril, S/N",EPILA,ZARAGOZA,ÉPILA
50295,854,ESPAÑA,70704,41.6388920,-1.2816670,"Ctra. A-2304 - Estación Ferrocarril, S/N",RUEDADEJALON,ZARAGOZA,RUEDA DE JALÓN-LUMPIAQUE
50296,855,ESPAÑA,70705,41.6893500,-1.2342370,"Avda. Estación Ferrocarril - Barrio de la Venta, 6",PLASENCIADEJALON,ZARAGOZA,PLASENCIA DE JALÓN
50297,856,ESPAÑA,70706,41.7452610,-1.1659240,"Av. Estación Ferrocarril, S/N",GRISEN,ZARAGOZA,GRISÉN
50620,857,ESPAÑA,70800,41.7226479,-1.0201916,"Av. Constitucion, S/N",ZARAGOZA,ZARAGOZA,CASETAS
50180,858,ESPAÑA,70801,41.7108644,-0.9985828,C/. Estación Ferrocarril S/N,UTEBO,ZARAGOZA,UTEBO
50010,859,ESPAÑA,70806,41.6527361,-0.8958759,C/. Manuel Escoriaza y Fabro S/N,ZARAGOZA,ZARAGOZA,ZARAGOZA-PORTILLO
50006,860,ESPAÑA,70807,41.6438779,-0.8912574,Av. de Goya 51,ZARAGOZA,ZARAGOZA,ZARAGOZA-GOYA
50013,861,ESPAÑA,71100,41.6334311,-0.8681653,Camino del Junco 160,ZARAGOZA,ZARAGOZA,ZARAGOZA-MIRAFLORES
50740,862,ESPAÑA,71103,41.5150650,-0.6186250,"Av. Lorenzo Pardo, S/N",FUENTESDEEBRO,ZARAGOZA,FUENTES DE EBRO
50770,863,ESPAÑA,71105,41.4195280,-0.4906730,"C/ Camino de la Estación, S/N",QUINTO,ZARAGOZA,QUINTO
50784,864,ESPAÑA,71108,41.3205420,-0.4271150,"Av. Zaragoza, S/N",ZAIDALA,ZARAGOZA,LA ZAIDA-SÁSTAGO
44510,865,ESPAÑA,71200,41.2244000,-0.4385950,"Pla. del Reino de Aragon, 1",PUEBLADEHIJARLA,TERUEL,LA PUEBLA DE HÍJAR
44520,866,ESPAÑA,71201,41.1821830,-0.3687610,"Ctra. Estación Ferrocarril, S/N",SAMPERDECALANDA,TERUEL,SAMPER
50700,867,ESPAÑA,71204,41.2397380,-0.0427010,"Pl. Obispo Cubeles, 15",CASPE,ZARAGOZA,CASPE
50709,868,ESPAÑA,71205,41.2300560,0.07014500,"Camino de la Fresa - Estación Ferrocarril, S/N",CASPE,ZARAGOZA,VAL DE PILAS
50793,869,ESPAÑA,71206,41.2344050,0.14328400,"Ctra. A - 144 --- Estación de Ferrocarril, S/N",FABARA,ZARAGOZA,FABARA
50794,870,ESPAÑA,71207,41.2137880,0.24247200,"Ctra. A-2411 - Estación Ferrocarril, S/N",NONASPE,ZARAGOZA,NONASPE
43783,871,ESPAÑA,71208,41.2250555,0.35110259,"Ctra. Tv - 7231 --- Estació de Ferrocarril, S/N",POBLADEMASSALUCALA,TARRAGONA,FAIÓ-LA POBLA DE MASSALUCA
43790,872,ESPAÑA,71209,41.2485594,0.48103178,"Ctra. Tv-7411 - Estació Ferrocarril, S/N",RIBAROJADEBRE,TARRAGONA,RIBA-ROJA D'EBRE
43750,873,ESPAÑA,71210,41.2293651,0.54010012,"Pl. Sant Jaume, S/N",FLIX,TARRAGONA,FLIX
43791,874,ESPAÑA,71211,41.1823727,0.56902524,"Pla. de la Estacio, S/N",ASCO,TARRAGONA,ASCÓ
43770,875,ESPAÑA,71300,41.1065823,0.65321819,"Camí L'Estació Ferrocarril, S/N",MORALANOVA,TARRAGONA,MÓRA LA NOVA
43776,876,ESPAÑA,71302,41.1020902,0.78036099,"Ctra. Tv-3002 --- C/ de Llaberia - Estación Ferrocarril, S/N",CAPCANES,TARRAGONA,CAPÇANES
43775,877,ESPAÑA,71303,41.1309421,0.81041774,"Ctra. T - 300 --- Estació Ferrocarril, S/N",MARCA,TARRAGONA,MARÇÀ-FALSET
43774,878,ESPAÑA,71304,41.1333595,0.85865032,"Ctra. Tv-3223 - Estació Ferrocarril, S/N",PRADELLDELATEIXETA,TARRAGONA,PRADELL
43773,879,ESPAÑA,71305,41.1436928,0.92087096,"Ctra. T - 343 --- Estación Ferrocarril, S/N",ARGENTERAL,TARRAGONA,DUESAIGÜES-L'ARGENTERA
43771,880,ESPAÑA,71306,41.1400577,0.97574775,"Ctra. T-3131 - Estació Ferrocarril, S/N",RIUDECANYES,TARRAGONA,RIUDECANYES-BOTARELL
43350,881,ESPAÑA,71307,41.1665064,1.02213230,"C/ Estació Ferrocarril, S/N",BORGESDELCAMPLES,TARRAGONA,LES BORGES DEL CAMP
43203,882,ESPAÑA,71400,41.1605229,1.10008978,"Pl. de L'Estació Ferrocarril, S/N",REUS,TARRAGONA,REUS
43480,883,ESPAÑA,71401,41.1128193,1.15037877,"C/ de Galcerán de Pinós, S/N",VILASECA,TARRAGONA,VILA-SECA
43004,884,ESPAÑA,71500,41.1115636,1.25322776,"Passeig de Espanya, S/N",TARRAGONA,TARRAGONA,TARRAGONA
43008,885,ESPAÑA,71502,41.1366479,1.37341488,"Ctra. Tv - 2023 - C/ de la Fassina - Estación Ferrocarril, S/N",TARRAGONA,TARRAGONA,ALTAFULLA-TAMARIT
43830,886,ESPAÑA,71503,41.1427923,1.40578377,"Passeig de Miramar, 118",TORREDEMBARRA,TARRAGONA,TORREDEMBARRA
43880,887,ESPAÑA,71600,41.1862102,1.52480358,C/ de L'Estació,VENDRELLEL,TARRAGONA,SANT VICENÇ DE CALDERS
8800,888,ESPAÑA,71700,41.2203207,1.73077249,"Pl. Eduard Maristany, S/N",VILANOVAILAGELTRU,BARCELONA,VILANOVA I LA GELTRÚ
8014,889,ESPAÑA,71801,41.3798632,2.14101688,"Pl. Dels Països Catalans, 1 - 7",BARCELONA,BARCELONA,BARCELONA-SANTS
8007,890,ESPAÑA,71802,41.3920862,2.16533862,"Passeig de Gracia --- Esquina C/ D' Arago, S/N",BARCELONA,BARCELONA,BARCELONA-PASSEIG DE GRÀCIA
43883,891,ESPAÑA,72101,41.1864204,1.45520767,"C/ Les Flores, S/N",RODADEBARA,TARRAGONA,RODA DE MAR
8901,892,ESPAÑA,72305,41.3642038,2.10091749,"Avg.  Josep Tarradellas, 192",HOSPITALETDELLOBREGATL,BARCELONA,L'HOSPITALET DE LLOBREGAT
25153,893,ESPAÑA,73001,41.5537015,0.73342706,"Ctra. Lv-7022 - Estació Ferrocarril, 6",PUIGVERDDELLEIDA,LLEIDA,PUIGVERD DE LLEIDA-ARTESA
25430,894,ESPAÑA,73002,41.5439328,0.82554185,"C/ de Prat de la Riba, S/N",JUNEDA,LLEIDA,JUNEDA
25400,895,ESPAÑA,73003,41.5213973,0.87791022,"Camí del Carro, S/N",BORGESBLANQUESLES,LLEIDA,LES BORGES BLANQUES
25413,896,ESPAÑA,73004,41.5042013,0.924432,"Ctra. Lv - 2012 --- Estació Ferrocarril, S/N",FLORESTALA,LLEIDA,LA FLORESTA
25440,897,ESPAÑA,73005,41.4251410,0.97037370,"Ctra. Albí, 34",VINAIXA,LLEIDA,VINAIXA
43430,898,ESPAÑA,73006,41.4027277,1.04603327,C/ de Castellfollit,VIMBODIIPOBLET,TARRAGONA,VIMBODÍ I POBLET
43440,899,ESPAÑA,73007,41.4006616,1.10336094,"Camí de L'Estació Ferrorarril, S/N",ESPLUGADEFRANCOLIL,TARRAGONA,L'ESPLUGA DE FRANCOLÍ
43400,900,ESPAÑA,73008,41.3766254,1.16554869,"Av. de L'Estació, 1",MONTBLANC,TARRAGONA,MONTBLANC
43490,901,ESPAÑA,73009,41.3376633,1.17653235,"C/ Major, S/N",VILAVERD,TARRAGONA,VILAVERD
43450,902,ESPAÑA,73010,41.3184926,1.18131260,"Ctra. Tv - 7044 --- Estación Ferrocarril, S/N",RIBALA,TARRAGONA,LA RIBA
43491,903,ESPAÑA,73100,41.3061987,1.19488293,"Ctra. T - 743 --- Km. 553 --- Estació Ferrocarril, S/N",VALLS,TARRAGONA,LA PLANA-PICAMOIXONS
43460,904,ESPAÑA,73101,41.2616066,1.17416002,"Passeig de la Estacio, S/N",ALCOVER,TARRAGONA,ALCOVER
43470,905,ESPAÑA,73102,41.2111544,1.14396003,"Passeig L'Estació Ferrocarril, S/N",SELVADELCAMPLA,TARRAGONA,LA SELVA DEL CAMP
22005,906,ESPAÑA,74200,42.1335940,-0.4097450,"C/ José Gil Cavez, 10",HUESCA,HUESCA,HUESCA
22800,907,ESPAÑA,74204,42.2756100,-0.6825690,"Ctra. A - 1206 --- Avda. Laorre, S/N",AYERBE,HUESCA,AYERBE
22808,908,ESPAÑA,74206,42.3447560,-0.7315990,"C/ Estación Ferrocarril, S/N",PENASDERIGLOSLAS,HUESCA,RIGLOS
22820,909,ESPAÑA,74207,42.3803900,-0.6956470,"C/ Estación Ferrocarril, S/N",PENASDERIGLOSLAS,HUESCA,SANTA MARÍA Y LA PEÑA
22830,910,ESPAÑA,74208,42.4032890,-0.6433440,"C/ Estación Ferrocarril, S/N",JACA,HUESCA,ANZÁNIGO
22624,911,ESPAÑA,74209,42.3979730,-0.4993090,"C/ Estación Ferrocarril, S/N",CALDEARENAS,HUESCA,CALDEARENAS-AQUILUÉ
22600,912,ESPAÑA,74211,42.5204460,-0.3730850,"C/ Serrablo, 2",SABINANIGO,HUESCA,SABIÑÁNIGO
22700,913,ESPAÑA,74213,42.5783030,-0.5392310,"C/ Estación Ferrocarril, S/N",JACA,HUESCA,JACA
22710,914,ESPAÑA,74214,42.6281100,-0.5462910,"Av. Francia, S/N ",CASTIELLODEJACA,HUESCA,CASTIELLO-PUEBLO
22870,915,ESPAÑA,74216,42.6887450,-0.5234600,"C/ Estación Ferrocarril, S/N",VILLANUA,HUESCA,VILLANÚA
22880,916,ESPAÑA,74217,42.7514710,-0.5146410,"Av. de Fernando El Catolico, 2",CANFRANC,HUESCA,CANFRANC
43885,933,ESPAÑA,76001,41.2234416,1.37662504,"Ctra. T-202 - Estació Ferrocarril, S/N",SALOMO,TARRAGONA,SALOMÓ
43886,934,ESPAÑA,76002,41.2395473,1.31749155,"Ctra. Tv-2032 - Estació Ferrocarril, S/N",VILABELLA,TARRAGONA,VILABELLA
43887,935,ESPAÑA,76003,41.2503192,1.29750259,"Passeig de L'Estació Ferrocarril, 1",NULLES,TARRAGONA,NULLES-BRÀFIM
43800,936,ESPAÑA,76004,41.2896079,1.25865179,"Pl. de L'Estació, S/N",VALLS,TARRAGONA,VALLS
50830,937,ESPAÑA,78005,41.7655100,-0.8222040,"C/ Estación Ferrocarril, S/N",VILLANUEVADEGALLEGO,ZARAGOZA,VILLANUEVA DE GÁLLEGO
22240,938,ESPAÑA,78200,41.9757160,-0.5382230,"Pl. Estación Ferrocarril, S/N",TARDIENTA,HUESCA,TARDIENTA
22260,939,ESPAÑA,78201,41.9380330,-0.3693290,"C/ Ronda de Aragon, S/N",GRANEN,HUESCA,GRAÑÉN
22200,940,ESPAÑA,78203,41.8175290,-0.1707600,"Barrio Estación Ferrocarril, S/N",SARINENA,HUESCA,SARIÑENA
22400,941,ESPAÑA,78301,41.9136790,0.19693900,"Pl. Estación Ferrocarril, S/N",MONZON,HUESCA,MONZÓN-RÍO CINCA
22500,942,ESPAÑA,78302,41.8497680,0.29147800,"Avda. de Aragon, S/N",BINEFAR,HUESCA,BINÉFAR
25007,943,ESPAÑA,78400,41.6201300,0.63365328,"Pl. Berenguer Iv, S/N",LLEIDA,LLEIDA,LLEIDA-PIRINEUS
25220,944,ESPAÑA,78402,41.6316190,0.78154700,"C/ de L'Estació, S/N",BELLLLOCDURGELL,LLEIDA,BELL-LLOC D'URGELL
25230,945,ESPAÑA,78403,41.6317790,0.89677500,"Pl. L'Estació Ferrocarril, 4",MOLLERUSSA,LLEIDA,MOLLERUSSA
25241,946,ESPAÑA,78404,41.6359290,0.93086300,"Passeig L'Estació Ferrocarril, S/N",GOLMES,LLEIDA,GOLMÉS
25265,947,ESPAÑA,78405,41.6374640,0.96773600,"Ctra. Lv - 3443 --- Estació Ferrocarril, S/N",CASTELLNOUDESEANA,LLEIDA,CASTELLNOU DE SEANA
25250,948,ESPAÑA,78406,41.6325450,1.01299300,"Av. de Lleida, S/N",BELLPUIG,LLEIDA,BELLPUIG
25320,949,ESPAÑA,78407,41.6464480,1.07919200,"Ctra. Lv- 3342 - Estació Ferrocarril, S/N",ANGLESOLA,LLEIDA,ANGLESOLA
25300,950,ESPAÑA,78408,41.6503870,1.13896300,"C/ del Segle Xx, S/N",TARREGA,LLEIDA,TÀRREGA
25200,951,ESPAÑA,78500,41.6736110,1.27477300,"Passeig de L'Estació Ferrocarril, S/N",CERVERA,LLEIDA,CERVERA
25270,952,ESPAÑA,78501,41.6559240,1.42053000,"Pl. de L'Estació, S/N",SANTGUIMDEFREIXENET,LLEIDA,SANT GUIM DE FREIXENET
8282,953,ESPAÑA,78502,41.7012170,1.48620400,"Passeig Dels Germans Forn, S/N",SANTMARTISESGUEIOLES,BARCELONA,SANT MARTÍ SESGUEIOLES
8280,954,ESPAÑA,78503,41.7303340,1.51509700,"Avda. Josep Miro, 1",CALAF,BARCELONA,CALAF
8281,955,ESPAÑA,78504,41.7479910,1.57416700,"Ctra. Bv-3051 - Estació de Ferrocarril, S/N",SANTPERESALLAVINERA,BARCELONA,SEGUERS-SANT PERE SALLAVINERA
8256,956,ESPAÑA,78505,41.7389170,1.62372000,"Ctra. Bv - 3009 - Estación Ferrocarril, 18",AGUILARDESEGARRA,BARCELONA,AGUILAR DE SEGARRA
8256,957,ESPAÑA,78506,41.7331590,1.69627500,"Ctra. Bv-3012 - Estación Ferrocarril, S/N",RAJADELL,BARCELONA,RAJADELL
8240,958,ESPAÑA,78600,41.7203921,1.82648564,"Ctra. Manresa A Abrera, S/N",MANRESA,BARCELONA,MANRESA
8295,959,ESPAÑA,78604,41.6688309,1.86264304,"Pg. Pau Casals, S/N",SANTVICENCDECASTELLET,BARCELONA,SANT VICENÇ DE CASTELLET
8221,960,ESPAÑA,78700,41.5697825,2.01435428,"Pl. Estació del Nord, S/N",TERRASSA,BARCELONA,TERRASSA ESTACIÓ DEL NORD
8010,961,ESPAÑA,78804,41.3919048,2.18063916,"Passeig.  Sant Joan, S/N",BARCELONA,BARCELONA,BARCELONA-ARC DE TRIOMF
8002,962,ESPAÑA,78805,41.3879231,2.16970383,"Pl. Catalunya, S/N",BARCELONA,BARCELONA,BARCELONA-PLAÇA DE CATALUNYA
8030,963,ESPAÑA,79004,41.4361251,2.19319866,"Pl. Estació, S/N",BARCELONA,BARCELONA,BARCELONA-SANT ANDREU
8026,964,ESPAÑA,79009,41.4092979,2.18719759,"Pl. Canonge Rodó, S/N",BARCELONA,BARCELONA,BARCELONA-EL CLOT
8400,965,ESPAÑA,79100,41.5997447,2.29126962,"Pla. Josep Serrat I Bonastre, 5",GRANOLLERS,BARCELONA,GRANOLLERS-CENTRE
8470,966,ESPAÑA,79104,41.6857928,2.49072799,"Pl. de L'Estacio, S/N",SANTCELONI,BARCELONA,SANT CELONI
8470,967,ESPAÑA,79105,41.7181901,2.53878373,"Barri D L'Estacio, S/N",GUALBA,BARCELONA,GUALBA
17404,968,ESPAÑA,79106,41.7263582,2.56889584,"Mossèn Pere Ribot, S/N",RIELLSIVIABREA,GIRONA,RIELLS I VIABREA-BREDA
17450,969,ESPAÑA,79107,41.7477880,2.63165011,"Baixada de L'Estació, S/N",HOSTALRIC,GIRONA,HOSTALRIC
17412,970,ESPAÑA,79200,41.7724212,2.67385865,"C/ Estació de Ferrocarril, S/N",MASSANES,GIRONA,MAÇANET-MASSANES
17410,971,ESPAÑA,79202,41.8075996,2.74500729,"Pl. de L'Estació, S/N",SILS,GIRONA,SILS
17455,972,ESPAÑA,79203,41.8411100,2.80076692,"Av. Doctor Forest, S/N",CALDESDEMALAVELLA,GIRONA,CALDES DE MALAVELLA
17457,973,ESPAÑA,79204,41.8962970,2.81157037,"C/ Veinat de L'Estació, S/N",RIUDELLOTSDELASELVA,GIRONA,RIUDELLOTS
17458,974,ESPAÑA,79205,41.9350430,2.80978324,"C/ Caterina Albert, S/N",FORNELLSDELASELVA,GIRONA,FORNELLS DE LA SELVA
17002,975,ESPAÑA,79300,41.9793629,2.81693689,"Pl. Espanya, S/N",GIRONA,GIRONA,GIRONA
17460,976,ESPAÑA,79301,42.0271984,2.87490587,"Ctra. de Juià, 45",CELRA,GIRONA,CELRÀ
17462,977,ESPAÑA,79302,42.0370568,2.91529561,"Ctra. Vella, S/N",BORDILS,GIRONA,BORDILS-JUIÀ
17463,978,ESPAÑA,79303,42.0474770,2.95740315,"Pla. Estacio del Carrilet, S/N",FLACA,GIRONA,FLAÇÀ
17464,979,ESPAÑA,79304,42.0683023,2.96447664,"C/ de L'Estació, S/N",SANTJORDIDESVALLS,GIRONA,SANT JORDI DESVALLS
17465,980,ESPAÑA,79305,42.1223297,2.96536522,"C/ Estació Ferrocarril, S/N",SAUSCAMALLERAILLAMPAIES,GIRONA,CAMALLERA
17475,981,ESPAÑA,79306,42.1721019,2.98959828,"Ctra. Gi-622 - Estació Ferrocarril, S/N",SANTMIQUELDEFLUVIA,GIRONA,SANT MIQUEL DE FLUVIÀ
17469,982,ESPAÑA,79308,42.2163620,2.97776423,"Cami de L'Estació, S/N",VILAMALLA,GIRONA,VILAMALLA
17600,983,ESPAÑA,79309,42.2651134,2.96880074,"Pl. Estacio Ferrocarril, S/N",FIGUERES,GIRONA,FIGUERES
17493,984,ESPAÑA,79311,42.3256691,3.08754626,"Passeig de L'Estació, S/N",VILAJUIGA,GIRONA,VILAJUÏGA
17490,985,ESPAÑA,79312,42.3666194,3.14897460,"Pl. L'Estació Ferrocarril, S/N ",LLANCA,GIRONA,LLANÇÀ
17496,986,ESPAÑA,79314,42.4068837,3.15434316,"C/ Pujada Estació, S/N",COLERA,GIRONA,COLERA
17497,987,ESPAÑA,79315,42.4245908,3.15801841,"C/ Claudi Planas, S/N",PORTBOU,GIRONA,PORTBOU
8003,989,ESPAÑA,79400,41.3844866,2.18534785,"Av. Marques de L'Argentera, S/N",BARCELONA,BARCELONA,BARCELONA ESTACIÓ DE FRANÇA
8930,990,ESPAÑA,79403,41.4244316,2.23048178,"Avg. Eduard Maristany, S/N",SANTADRIADEBESOS,BARCELONA,SANT ADRIÀ DE BESÒS
8911,991,ESPAÑA,79404,41.4458838,2.24892096,"Pla. Roca I Pi, 1",BADALONA,BARCELONA,BADALONA
8390,992,ESPAÑA,79405,41.4630211,2.27215510,"C/. Marina, S/N",MONTGAT,BARCELONA,MONTGAT
8390,993,ESPAÑA,79406,41.4687860,2.28669661,"Ctra. N-Ii, S/N",MONTGAT,BARCELONA,MONTGAT-NORD
8320,994,ESPAÑA,79407,41.4770363,2.31037720,"Ctra. N-Ii, S/N",MASNOUEL,BARCELONA,EL MASNOU
8330,995,ESPAÑA,79409,41.4877522,2.35485608,"Cami Ral, S/N",PREMIADEMAR,BARCELONA,PREMIÀ DE MAR
8340,996,ESPAÑA,79410,41.5006285,2.38986104,"Sant Jaume, S/N",VILASSARDEMAR,BARCELONA,VILASSAR DE MAR
8349,997,ESPAÑA,79412,41.5067718,2.40162431,"Avda. Maresme, S/N",CABRERADEMAR,BARCELONA,CABRERA DE MAR-VILASSAR DE MAR
8301,998,ESPAÑA,79500,41.5333852,2.44553025,"Avg.del Maresme, S/N",MATARO,BARCELONA,MATARÓ
8392,999,ESPAÑA,79501,41.5555467,2.49826463,"Ctra. Nacional Ii, S/N",SANTANDREUDELLAVANERES,BARCELONA,SANT ANDREU DE LLAVANERES
8393,1000,ESPAÑA,79502,41.5686082,2.52598143,"C/ Callao --- Ctra. Nacional Ii, S/N",CALDESDESTRAC,BARCELONA,CALDES D'ESTRAC
8350,1001,ESPAÑA,79600,41.5776990,2.54933744,"Platja de J.b.cassa, S/N",ARENYSDEMAR,BARCELONA,ARENYS DE MAR
8360,1002,ESPAÑA,79601,41.5866691,2.58128887,"C/ del Mar, 11",CANETDEMAR,BARCELONA,CANET DE MAR
8395,1003,ESPAÑA,79602,41.6017549,2.62459756,"Pl. Estacio, S/N",SANTPOLDEMAR,BARCELONA,SANT POL DE MAR
8370,1004,ESPAÑA,79603,41.6146911,2.66599517,"C/ Anselm Clave, S/N",CALELLA,BARCELONA,CALELLA
8397,1005,ESPAÑA,79604,41.6224449,2.69355042,"Pl. de L'Estacio, S/N",PINEDADEMAR,BARCELONA,PINEDA DE MAR
8380,1006,ESPAÑA,79605,41.6416020,2.74127903,"Passeig Llevant, 1",MALGRATDEMAR,BARCELONA,MALGRAT DE MAR
17300,1007,ESPAÑA,79606,41.6736157,2.76926970,"C/ Estació, S/N",BLANES,GIRONA,BLANES
8490,1008,ESPAÑA,79607,41.7071687,2.71957063,"Av. San Pere, 91",TORDERA,BARCELONA,TORDERA
8398,1009,ESPAÑA,79608,41.6300971,2.71596980,"Passeig del Mar, S/N",SANTASUSANNA,BARCELONA,SANTA SUSANA
31800,1010,ESPAÑA,80001,42.8932830,-2.1674290,"C/ Venta Abajo, 2",ALTSASUALSASUA,NAVARRA,ALTSASU-PUEBLO
31820,1011,ESPAÑA,80003,42.9111380,-2.0712450,"Ctra. Na - 120 --- Estación Ferrocarril, S/N",ETXARRIARANATZ,NAVARRA,ETXARRI-ARANATZ
31840,1012,ESPAÑA,80005,42.9206060,-1.9748140,"C/ Estación Ferrocarril, S/N",UHARTEARAKIL,NAVARRA,UHARTE-ARAKIL
31012,1013,ESPAÑA,80100,42.8248770,-1.6614190,"Pla. Estación Ferrocarril, S/N",PAMPLONAIRUNA,NAVARRA,PAMPLONA/IRUÑA
31300,1014,ESPAÑA,80108,42.5257560,-1.6714670,"Ctra. Na-132 - Paseo de las Ruedas, S/N",TAFALLA,NAVARRA,TAFALLA
31390,1015,ESPAÑA,80109,42.4849890,-1.6499640,"C/ Estación de Ferrocarril, 25",OLITEERRIBERRI,NAVARRA,OLITE-ERRIBERRI
31340,1016,ESPAÑA,80114,42.3348510,-1.7174180,"Ctra. Na -128 --- Estación de Ferrocarril, S/N",MARCILLA,NAVARRA,MARCILLA DE NAVARRA
31330,1017,ESPAÑA,80115,42.2807340,-1.7457160,"Avda. Miguel de Cervantes, S/N",VILLAFRANCA,NAVARRA,VILLAFRANCA DE NAVARRA
26200,1018,ESPAÑA,81002,42.5836350,-2.8493960,"C/ Estación Ferrocarril, S/N",HARO,"RIOJA, LA",HARO
26003,1019,ESPAÑA,81100,42.4574590,-2.4421930,"Avda. de Colon, 83",LOGRONO,"RIOJA, LA",LOGROÑO
26160,1020,ESPAÑA,81102,42.4435850,-2.2917010,"C/ José Maria de la Vega, S/N",AGONCILLO,"RIOJA, LA",AGONCILLO
26509,1021,ESPAÑA,81105,42.4074370,-2.1220940,"Ctra. Estación, 49",ALCANADRE,"RIOJA, LA",ALCANADRE
31580,1022,ESPAÑA,81106,42.4111480,-2.0981960,"Ctra. Na - 6540 --- Estación Ferrocarril, S/N",LODOSA,NAVARRA,FÉCULAS-NAVARRA
26500,1023,ESPAÑA,81108,42.3104580,-1.9577550,"Avda. Estación Ferrocarril, S/N",CALAHORRA,"RIOJA, LA",CALAHORRA
26550,1024,ESPAÑA,81109,42.2300110,-1.8474730,"C/ Estación Ferrocarril, 2",RINCONDESOTO,"RIOJA, LA",RINCÓN DE SOTO
26540,1025,ESPAÑA,81110,42.1865250,-1.7479850,"Avda. de la Vía, S/N",ALFARO,"RIOJA, LA",ALFARO
31590,1026,ESPAÑA,81200,42.1727190,-1.6921140,"C/ Jeronimo Marco, 1",CASTEJON,NAVARRA,CASTEJÓN DE EBRO
31500,1027,ESPAÑA,81202,42.0594340,-1.5979310,"Pza. Estación Ferrocarril, S/N",TUDELA,NAVARRA,TUDELA DE NAVARRA
31550,1028,ESPAÑA,81203,41.9970380,-1.5150970,"C/ Parlamento Navarro, 45",RIBAFORADA,NAVARRA,RIBAFORADA
31530,1029,ESPAÑA,81205,41.9150760,-1.4204390,"Ctra. Na - 5200 --- Estación Ferrocarril, S/N",CORTES,NAVARRA,CORTES DE NAVARRA
50650,1030,ESPAÑA,81206,41.8671640,-1.3213420,"C/ Virgen del Pilar, 2",GALLUR,ZARAGOZA,GALLUR
50640,1031,ESPAÑA,81207,41.8261160,-1.2435360,"Av. Francisco de Goya, 56",LUCENI,ZARAGOZA,LUCENI
50690,1032,ESPAÑA,81208,41.8051980,-1.2016730,"C/ Edificio Diseminados, 18",PEDROLA,ZARAGOZA,PEDROLA
50638,1033,ESPAÑA,81209,41.7880650,-1.1675330,"C/ Estación Ferrocarril, S/N",CABANASDEEBRO,ZARAGOZA,CABAÑAS DE EBRO
50630,1034,ESPAÑA,81210,41.7714220,-1.1127710,"C/ Estación Ferrocarril, S/N",ALAGON,ZARAGOZA,ALAGÓN
42005,1035,ESPAÑA,82100,41.7547540,-2.4765370,"C/ Ctra. Madrid, S/N",SORIA,SORIA,SORIA
42200,1036,ESPAÑA,84101,41.4890190,-2.5253750,"Avda. Estación Ferrocarril, 9",ALMAZAN,SORIA,ALMAZÁN-VILLA
42294,1037,ESPAÑA,84103,41.5935250,-2.6393370,"Avda. Estación Ferrocarril, S/N",TARDELCUENDE,SORIA,TARDELCUENDE
42291,1038,ESPAÑA,84104,41.6397260,-2.6096820,"C/ Estación Ferrocarril, S/N",QUINTANAREDONDA,SORIA,QUINTANA REDONDA
45006,1049,ESPAÑA,92102,39.8622720,-4.0112440,"C/ Paseo de la Rosa, S/N",TOLEDO,TOLEDO,TOLEDO
13250,1050,ESPAÑA,94002,39.0615530,-3.6042130,"C/ Estación Ferrocarril, S/N",DAIMIEL,CIUDAD REAL,DAIMIEL
13270,1051,ESPAÑA,94004,38.8953230,-3.7097770,"Paseo Estación Ferrocarril, S/N",ALMAGRO,CIUDAD REAL,ALMAGRO
28035,1060,ESPAÑA,97100,40.4954173,-3.7261603,"Calle Gloria Fuertes S/N, Pitis (Madrid)",MADRID,MADRID,PITIS
28034,1061,ESPAÑA,97200,40.4997590,-3.7092505,"Calle del Monasterio de las Huelgas, S/N",CANENCIA,MADRID,MIRASIERRA-PACO DE LUCÍA
28034,1062,ESPAÑA,97201,40.4881473,-3.6948037,C/ San Modesto S/N,MADRID,MADRID,MADRID-RAMÓN Y CAJAL
